molecule_chembl_id,canonical_smiles
CHEMBL2321905,COC(=O)c1cc(-c2ccc(NC(=O)c3cc(NC(=O)CCCOc4cc5c(cc4OC)C(=O)N4CCC[C@H]4C=N5)cn3C)cc2)cn1C
CHEMBL2324630,COC(=O)c1cc(-c2ccc(NC(=O)c3nc(NC(=O)CCCOc4cc5c(cc4OC)C(=O)N4CCC[C@H]4C=N5)cn3C)cc2)cn1C
CHEMBL4176275,COc1c(Br)c2c(c(OC)c1OC)-c1cc3cc(CO)n(C)c3cc1[C@@H](NC(C)=O)CC2
CHEMBL2324627,CCOC(=O)c1nc(NC(=O)c2cc(-c3ccc(NC(=O)CCCOc4cc5c(cc4OC)C(=O)N4CCC[C@H]4C=N5)cc3)cn2C)cn1C
CHEMBL2324629,COC(=O)c1nc(NC(=O)c2cc(NC(=O)c3cc(-c4ccc(NC(=O)CCCOc5cc6c(cc5OC)C(=O)N5CCC[C@H]5C=N6)cc4)cn3C)cn2C)cn1C
CHEMBL2324628,COC(=O)c1cc(NC(=O)c2cc(NC(=O)c3cc(-c4ccc(NC(=O)CCCOc5cc6c(cc5OC)C(=O)N5CCC[C@H]5C=N6)cc4)cn3C)cn2C)cn1C
CHEMBL2324626,COC(=O)c1cc(NC(=O)c2cc(-c3ccc(NC(=O)CCCOc4cc5c(cc4OC)C(=O)N4CCC[C@H]4C=N5)cc3)cn2C)cn1C
CHEMBL2324625,COC(=O)c1cc(-c2ccc(NC(=O)c3cc(-c4ccc(NC(=O)CCCOc5cc6c(cc5OC)C(=O)N5CCC[C@H]5C=N6)cc4)cn3C)cc2)cn1C
CHEMBL4458738,Cc1cc(N(C)c2ccc3c(c2)c2ccccc2n3C)c2ccccc2n1
CHEMBL4439731,CN(c1ccc2c(ccn2C)c1)c1nc(Cl)nc2ccccc12
CHEMBL450955,CCC(=O)O[C@H]1C(=O)[C@]2(C)[C@@H](O)C[C@H]3OC[C@@]3(OC(C)=O)[C@H]2[C@H](OC(=O)c2cccc(OC)c2)[C@]2(O)C[C@H](OC(=O)[C@H](O)[C@H](C=C(C)C)NC(=O)OC(C)(C)C)C(C)=C1C2(C)C
CHEMBL126916,CC(=O)O[C@@]12CO[C@@H]1C[C@H](O)[C@@]1(C)C(=O)[C@H](OC(=O)C3CC3)C3=C(C)[C@@H](OC(=O)[C@H](O)[C@H](C=C(C)C)NC(=O)OC(C)(C)C)C[C@@](O)([C@@H](OC(=O)c4ccccc4)[C@@H]12)C3(C)C
CHEMBL385064,CN(C)C(=S)NN=C(c1ccccn1)c1ccccn1
CHEMBL4539214,C=CC(=O)N1CCN(c2nc(=O)n(-c3c(C)ccnc3C(C)C)c3nc(-c4c(O)cccc4F)c(Cl)cc23)[C@@H](C)C1
CHEMBL223643,CC(C)[C@@H]1NC(=O)[C@H](C)OC(=O)[C@@H](C(C)C)NC(=O)[C@@H](C(C)C)OC(=O)[C@H](C(C)C)NC(=O)[C@H](C)OC(=O)[C@@H](C(C)C)NC(=O)[C@@H](C(C)C)OC(=O)[C@H](C(C)C)NC(=O)[C@H](C)OC(=O)[C@@H](C(C)C)NC(=O)[C@@H](C(C)C)OC1=O
CHEMBL2324624,COC(=O)c1cc(-c2ccc(NC(=O)CCCOc3cc4c(cc3OC)C(=O)N3CCC[C@H]3C=N4)cc2)cn1C
CHEMBL107,COc1cc2c(c(OC)c1OC)-c1ccc(OC)c(=O)cc1[C@@H](NC(C)=O)CC2
CHEMBL94657,C/C(=C\c1csc(C)n1)[C@@H]1C[C@@H]2O[C@]2(C)CCC[C@H](C)[C@H](O)[C@@H](C)C(=O)C(C)(C)[C@@H](O)CC(=O)O1
CHEMBL2180983,CC(=O)O[C@H]1C(=O)[C@]2(C)[C@@H](O)C[C@H]3OC[C@@]3(OC(C)=O)[C@H]2[C@H](OC(=O)c2ccccc2)[C@]2(O)C[C@H](OC(=O)[C@H](OC(=O)CCC(=O)NCc3ccc(CN4C(=O)[C@H]5CNC(=O)[C@H](CC(=O)O)NC(=O)CNC(=O)[C@H](CCCNC(=N)N)NC(=O)C[C@H]4C(=O)N5)cc3)[C@@H](NC(=O)c3ccccc3)c3ccccc3)C(C)=C1C2(C)C
CHEMBL151233,COc1cc(CCN)c2c(c1OC)SSSSS2
CHEMBL289498,Cc1cccc(NC(=O)NC2N=C(c3ccccc3)c3ccccc3N(C)C2=O)c1
CHEMBL4452137,C=CC(=O)N1CCN(c2nc(=O)n(-c3c(C)cccc3C(C)C)c3nc(-c4c(O)cccc4F)c(Cl)cc23)[C@@H](C)C1
CHEMBL2180985,CC(=O)O[C@H]1C(=O)[C@]2(C)[C@@H](O)C[C@H]3OC[C@@]3(OC(C)=O)[C@H]2[C@H](OC(=O)c2ccccc2)[C@]2(O)C[C@H](OC(=O)[C@H](OC(=O)CCC(=O)NCc3ccc(CN4C(=O)[C@@H]5CC(=O)N[C@@H](CCCNC(=N)N)C(=O)NCC(=O)N[C@@H](CC(=O)O)C(=O)NC[C@@H]4C(=O)N5)cc3)[C@@H](NC(=O)c3ccccc3)c3ccccc3)C(C)=C1C2(C)C
CHEMBL2180984,CC(=O)O[C@H]1C(=O)[C@]2(C)[C@@H](O)C[C@H]3OC[C@@]3(OC(C)=O)[C@H]2[C@H](OC(=O)c2ccccc2)[C@]2(O)C[C@H](OC(=O)[C@H](OC(=O)CCC(=O)NCc3ccc(CN4C(=O)[C@H]5CC(=O)N[C@@H](CCCNC(=N)N)C(=O)NCC(=O)N[C@@H](CC(=O)O)C(=O)NC[C@H]4C(=O)N5)cc3)[C@@H](NC(=O)c3ccccc3)c3ccccc3)C(C)=C1C2(C)C
CHEMBL215032,COC(=O)c1cc(NC(=O)c2cc(NC(=O)CCCOc3cc4c(cc3OC)C(=O)N3CCC[C@H]3C=N4)cn2C)cn1C
CHEMBL4280973,COc1cc(CCN)c2c(c1OC)SS[S+]2[O-]
CHEMBL2180982,CC(=O)O[C@H]1C(=O)[C@]2(C)[C@@H](O)C[C@H]3OC[C@@]3(OC(C)=O)[C@H]2[C@H](OC(=O)c2ccccc2)[C@]2(O)C[C@H](OC(=O)[C@H](OC(=O)CCC(=O)NCc3ccc(CN4C(=O)[C@@H]5CNC(=O)[C@H](CC(=O)O)NC(=O)CNC(=O)[C@H](CCCNC(=N)N)NC(=O)C[C@@H]4C(=O)N5)cc3)[C@@H](NC(=O)c3ccccc3)c3ccccc3)C(C)=C1C2(C)C
CHEMBL65,CC[C@@]1(O)C(=O)OCc2c1cc1n(c2=O)Cc2cc3ccccc3nc2-1
CHEMBL1771376,COc1cc(OC)c(/C=C/S(=O)(=O)Cc2ccc(OC)c(N)c2)c(OC)c1
CHEMBL4527861,C=CC(=O)N1CCN(c2nc(=O)n(-c3c(C)ncnc3C(C)C)c3nc(-c4c(O)cccc4F)c(Cl)cc23)[C@@H](C)C1
CHEMBL4578214,C=CC(=O)N1CCN(c2nc(=O)n(-c3c(C(C)C)ccnc3C)c3nc(-c4c(O)cccc4F)c(Cl)cc23)[C@@H](C)C1
CHEMBL217089,COc1cccc2c1C(=O)c1c(O)c3c(c(O)c1C2=O)C[C@@](O)(C(=O)CO)C[C@@H]3O[C@H]1C[C@@H]2NCO[C@@H]2[C@H](C)O1
CHEMBL3545252,CC(=O)O[C@@]12CO[C@@H]1C[C@H](O)[C@@]1(C)C(=O)[C@H](O)C3=C(C)[C@@H](OC(=O)[C@H](O)[C@@H](NC(=O)OC(C)(C)C)c4ccccc4)C[C@@](O)([C@@H](OC(=O)c4ccccc4)[C@@H]12)C3(C)C.O.O.O
CHEMBL96926,C/C=C(/C)C(=O)O[C@H]1C(C)=C2[C@@H]3OC(=O)[C@@](C)(O)[C@@]3(O)[C@@H](OC(=O)CCC)C[C@](C)(OC(C)=O)[C@H]2[C@@H]1OC(=O)CCCCCCC
CHEMBL1614766,O=C(NOCCO)c1cc(CN2OCCCC2=O)c(F)c(F)c1Nc1ccc(I)cc1F
CHEMBL159,CC[C@]1(O)C[C@@H]2CN(CCc3c([nH]c4ccccc34)[C@@](C(=O)OC)(c3cc4c(cc3OC)N(C)[C@H]3[C@@](O)(C(=O)OC)[C@H](OC(C)=O)[C@]5(CC)C=CCN6CC[C@]43[C@@H]65)C2)C1
CHEMBL253178,COc1cc(OC)c(/C=C/S(=O)(=O)Cc2ccc(OC)c(O)c2)c(OC)c1
CHEMBL4456801,C=CC(=O)N1CCN(c2nc(=O)n(-c3ccccc3C(C)C)c3cc(-c4c(C)ccc5[nH]ncc45)c(Cl)cc23)CC1
CHEMBL53463,COc1cccc2c1C(=O)c1c(O)c3c(c(O)c1C2=O)C[C@@](O)(C(=O)CO)C[C@@H]3O[C@H]1C[C@H](N)[C@H](O)[C@H](C)O1
CHEMBL4535757,C=CC(=O)N1CCN(c2nc(=O)n(-c3c(C)ccnc3C(C)C)c3nc(-c4c(O)cccc4F)c(F)cc23)[C@@H](C)C1
CHEMBL4450657,C=CC(=O)N1CCN(c2nc(=O)n(-c3ccccc3C(C)C)c3nc(-c4c(O)cccc4F)c(Cl)cc23)[C@@H](C)C1
CHEMBL2435248,CN1CCN(CCn2c(=O)c3cc(NCCCN4CCOCC4)c4c(=O)n(CCN5CCN(C)CC5)c(=O)c5cc(NCCCN6CCOCC6)c(c2=O)c3c54)CC1
CHEMBL2203744,CN(C(=S)NN=C(c1ccccn1)c1ccccn1)C1CCCCC1
CHEMBL4450519,C=CC(=O)N1CCN(c2nc(=O)n(-c3ccccc3C(C)C)c3nc(-c4ccccc4F)c(Cl)cc23)[C@@H](C)C1
CHEMBL498271,C=C(c1ccc(OC)c(O)c1)c1cc(OC)c(OC)c(OC)c1
CHEMBL3672295,Cc1cc(O)c(-c2ccc([C@@H](C)CN)cc2)c2c1[nH]c(=O)c1sccc12
CHEMBL553025,CCC1=C[C@@H]2CN(C1)Cc1c([nH]c3ccccc13)[C@@](C(=O)OC)(c1cc3c(cc1OC)N(C)[C@H]1[C@@](O)(C(=O)OC)[C@H](OC(C)=O)[C@]4(CC)C=CCN5CC[C@]31[C@@H]54)C2
CHEMBL4465551,C=CC(=O)N1CCN(c2nc(=O)n(-c3ccccc3C(C)C)c3cc(-c4ccccc4F)c(Cl)cc23)[C@@H](C)C1
CHEMBL428647,CC(=O)O[C@H]1C(=O)[C@]2(C)[C@@H](O)C[C@H]3OC[C@@]3(OC(C)=O)[C@H]2[C@H](OC(=O)c2ccccc2)[C@]2(O)C[C@H](OC(=O)[C@H](O)[C@@H](NC(=O)c3ccccc3)c3ccccc3)C(C)=C1C2(C)C
CHEMBL4103012,O=c1c2ccc3c(=O)n(CCCN4CCOCC4)c(=O)c4c(NCCN5CCCC5)cc(c(=O)n1CCCN1CCOCC1)c2c34
CHEMBL1233002,CCCCCCC/C=C/C=C/C(=O)N[C@H](C(=O)N[C@H]1C[C@@H](O)CCNC(=O)/C=C/[C@H](C)NC1=O)[C@@H](C)O
CHEMBL67,COc1ccc(/C=C\c2cc(OC)c(OC)c(OC)c2)cc1O
CHEMBL2420629,O=C(NCc1ccc(S(=O)(=O)c2cc(F)cc(F)c2)cc1)c1ccc2nccn2c1
CHEMBL254849,COc1ccc(CS(=O)(=O)/C=C/c2c(OC)cc(OC)cc2OC)cc1
CHEMBL4441771,C=CC(=O)N1CCN(c2nc(=O)n(-c3c(C)ncnc3C(C)C)c3nc(-c4c(O)cccc4F)c(F)cc23)[C@@H](C)C1
CHEMBL3216446,Cl.Cl.N=C(N)c1ccc2nc(-c3ccc(-c4nc5ccc(C(=N)N)cc5s4)o3)sc2c1
CHEMBL3215587,Cl.Cl.N=C(N)c1ccc2nc(-c3ccc(-c4nc5ccc(C(=N)N)cc5s4)s3)sc2c1
CHEMBL2335138,CN1CCN(CCCNc2cc3c(=O)n(CCCN4CCOCC4)c(=O)c4c(NCCCN5CCN(C)CC5)cc5c(=O)n(CCCN6CCOCC6)c(=O)c2c5c34)CC1
CHEMBL2335142,CN1CCN(CCNc2cc3c(=O)n(CCCN4CCOCC4)c(=O)c4c(NCCN5CCN(C)CC5)cc5c(=O)n(CCCN6CCOCC6)c(=O)c2c5c34)CC1
CHEMBL4078023,Cc1nc(C)c(/C=C2\CN(C)C/C(=C\c3nc(C)c(C)nc3C)C2=NO)nc1C
CHEMBL3215586,Cl.Cl.c1cc(-c2ccc(-c3nc4ccc(C5=NCCN5)cc4s3)o2)ccc1C1=NCCN1
CHEMBL4159771,COc1c(Br)c2c(c(OC)c1OC)-c1cc3cc(CO)[nH]c3cc1[C@@H](NC(C)=O)CC2
CHEMBL109480,C=CCNC1=C2C[C@@H](C)C[C@H](OC)[C@H](O)[C@@H](C)/C=C(\C)[C@H](OC(N)=O)[C@@H](OC)/C=C\C=C(/C)C(=O)NC(=CC1=O)C2=O
CHEMBL4452622,C=CC(=O)N1CCN(c2nc(=O)n(-c3c(C)cccc3C(C)C)c3nc(-c4c(O)cccc4F)c(F)cc23)[C@@H](C)C1
CHEMBL4439782,C=CC(=O)N1CCN(c2nc(=O)n(-c3ccccc3C(C)C)c3nc(-c4c(O)cccc4F)c(Cl)cc23)CC1
CHEMBL18351,COc1ccc(-c2oc3c(OC)c(OC)c(OC)c(O)c3c(=O)c2OC)cc1O
CHEMBL4450041,C=CC(=O)N1CCN(c2nc(=O)n(-c3ccccc3C(C)C)c3nc(-c4ccccc4O)c(Cl)cc23)[C@@H](C)C1
CHEMBL837,CCc1c2c(nc3ccc(O)cc13)-c1cc3c(c(=O)n1C2)COC(=O)[C@]3(O)CC
CHEMBL4449810,C=CC(=O)N1CCN(c2nc(=O)n(-c3ccccc3C(C)C)c3cc(-c4c(O)cccc4F)c(Cl)cc23)[C@@H](C)C1
CHEMBL4465918,O=C(CCCC(=O)N1C[C@@H](CCl)c2c1cc(O)c1ccccc21)N1C[C@@H](CCl)c2c1cc(O)c1ccccc21
CHEMBL90555,CC[C@]1(O)C[C@H]2CN(CCc3c([nH]c4ccccc34)[C@@](C(=O)OC)(c3cc4c(cc3OC)N(C=O)[C@H]3[C@@](O)(C(=O)OC)[C@H](OC(C)=O)[C@]5(CC)C=CCN6CC[C@]43[C@@H]65)C2)C1
CHEMBL252164,CCNC(=O)c1noc(-c2cc(C(C)C)c(O)cc2O)c1-c1ccc(CN2CCOCC2)cc1
CHEMBL4591772,C=CC(=O)N1CCN(c2nc(=O)n(-c3ccccc3C(C)C)c3nc(-c4ccccc4Cl)c(Cl)cc23)[C@@H](C)C1
CHEMBL4097664,COc1cc2c(c(OC)c1OC)-c1cc3cc(COC(C)=O)oc3cc1C(=O)CC2
CHEMBL4458041,C=CC(=O)N1CCN(c2nc(=O)n(-c3c(C(C)C)ccnc3C)c3nc(-c4c(O)cccc4F)c(F)cc23)[C@@H](C)C1
CHEMBL888,Nc1ccn([C@@H]2O[C@H](CO)[C@@H](O)C2(F)F)c(=O)n1
CHEMBL4070492,COc1cc2c(c(OC)c1OC)-c1cc3cc(CO)oc3cc1C(O)CC2
CHEMBL4569344,C=CC(=O)N1CCN(c2nc(=O)n(-c3ccccc3C(C)C)c3cc(-c4cc(O)cc5ccccc45)c(Cl)cc23)CC1
CHEMBL507361,O=C(NOC[C@H](O)CO)c1ccc(F)c(F)c1Nc1ccc(I)cc1F
CHEMBL1972860,CN(NC(=O)CC(=O)NN(C)C(=S)c1ccccc1)C(=S)c1ccccc1
CHEMBL4454645,C=CC(=O)N1CCN(c2nc(=O)n(-c3ccccc3C(C)C)c3cc(-c4ccccc4Cl)c(Cl)cc23)[C@@H](C)C1
CHEMBL2146520,CCCCCCC/C=C/C=C/C(=O)N[C@H](C(=O)N[C@H]1CCCCNC(=O)/C=C/[C@H](C)NC1=O)[C@@H](C)O
CHEMBL519668,O=C(CCCCCCC(=O)Nc1cccc(-c2cn(-c3ccccc3)nn2)c1)NO
CHEMBL4476547,CN1C/C(=C\c2ccc(N(C)C)cc2[N+](=O)[O-])C(=NO)/C(=C/c2ccc(N(C)C)cc2[N+](=O)[O-])C1
CHEMBL464221,O=c1[nH]c(=O)n([C@@H]2O[C@H](CO)[C@@H](O)[C@H]2O)c(I)c1F
CHEMBL1083151,COc1cc(Nc2nccc(-c3sc(C)nc3C)n2)cc(OC)c1OC
CHEMBL4469638,C=CC(=O)N1CCN(c2nc(=O)n(-c3ccccc3C(C)C)c3cc(-c4ccccc4F)c(Cl)cc23)CC1
CHEMBL2376666,NC(=O)c1c(Nc2ccc(I)cc2F)cc(F)cc1Oc1cccc(NS(N)(=O)=O)c1
CHEMBL2172463,COc1cccc2c1C(=O)c1c(O)c3c(c(O)c1C2=O)C[C@@](O)(C(=O)CO)C[C@@H]3O[C@H]1C[C@H]2[C@H](OCN2C(=O)OCc2ccc(NC(=O)[C@H](CCCCN)NC(=O)[C@H](Cc3ccccc3)NC(=O)[C@@H](C)NC(=O)CNC(C)=O)cc2)[C@H](C)O1.O=P(O)(O)O
CHEMBL325023,Cc1nc(C)c(-c2[nH]nc3c2C(=O)c2c(NC(=O)NN4CCN(C)CC4)cccc2-3)s1
CHEMBL1172549,COc1cc(C(=O)/C=C/c2c[nH]c3ccccc23)cc(OC)c1OC
CHEMBL4093642,COc1cc(Br)c(/C=C2\CN(C(C)C)CC(=C\c3nc(C)c(C)nc3C)/C2=N/O)cc1OC
CHEMBL3672369,Cc1cc(O)c(-c2ccc([C@@H](C)CN(C)C)cc2)c2c1[nH]c(=O)c1sccc12
CHEMBL553,C#Cc1cccc(Nc2ncnc3cc(OCCOC)c(OCCOC)cc23)c1
CHEMBL1643903,COc1ccc(-c2oc3c(OC)c(OC)c(OC)c(O)c3c(=O)c2OC)cc1N
CHEMBL4517656,C=CC(=O)N1CCN(c2nc(=O)n(-c3ccccc3C(C)C)c3cc(-c4c(O)cccc4F)c(Cl)cc23)CC1
CHEMBL4167516,C=Cc1c(C)c2cc3nc(c(CC(=O)OC)c4[nH]c(cc5nc(cc1[nH]2)C(C)=C5CC)c(C)c4C(=O)NCCOCCOCCNC(=O)CCCC(=O)Oc1ccc(/C=C/C(=O)CC(=O)/C=C/c2ccc(O)c(OC)c2)cc1OC)C(CCC(=O)OC)C3C
CHEMBL1094709,O=C(CCCCCCC(=O)Nc1cccc(-n2cc(-c3ccccc3)nn2)c1)NO
CHEMBL106653,CC[n+]1c(/C=c2\s/c(=C3/Sc4ccccc4N3C)c(=O)n2-c2ccccc2)sc2ccccc21.Cc1ccc(S(=O)(=O)[O-])cc1
CHEMBL320647,C[C@@](O)(CCl)[C@H]1Cc2ccc3oc4c(N5CC[C@H](N)C5)c(F)cc5c(=O)c(C(=O)O)cn(c3c2O1)c45
CHEMBL3216912,CC(C)NC(=N)c1ccc(-c2ccc(-c3nc4ccc(C(=N)NC(C)C)cc4s3)s2)cc1.Cl.Cl
CHEMBL2335140,CN1CCN(CCCNc2cc3c(=O)n(CCN4CCOCC4)c(=O)c4c(NCCCN5CCN(C)CC5)cc5c(=O)n(CCN6CCOCC6)c(=O)c2c5c34)CC1
CHEMBL490294,COc1cc(/C=C\c2ccc(OC)c(N)c2)cc(OC)c1.Cl
CHEMBL4438343,C=CC(=O)N1CCN(c2nc(=O)n(-c3ccccc3C(C)C)c3cc(-c4ccccc4C(F)(F)F)c(Cl)cc23)[C@@H](C)C1
CHEMBL1094408,COc1ccc(N2CCN(C)CC2)cc1Nc1ncc2c(n1)-c1c(c(C(N)=O)nn1C)CC2
CHEMBL4460245,CCc1c2c(nc3ccc(O)cc13)-c1cc3c(c(=O)n1C2)COC(=O)[C@@]3(CC)OC(=O)CNC(=O)c1noc(-c2cc(C(C)C)c(O)cc2O)c1-c1ccc(CN2CCOCC2)cc1
CHEMBL2047532,O=C(CCCO[N+](=O)[O-])Oc1ccccc1C(=O)Oc1ccc(-c2cc(=S)ss2)cc1
CHEMBL2013119,COc1cc(OC)c(/C=C/S(=O)(=O)Cc2ccc(OC)c(NCC(=O)[O-])c2)c(OC)c1.[Na+]
CHEMBL108793,CCn1c(=O)/c(=C2\Sc3ccccc3N2C)s/c1=C\c1sc2ccccc2[n+]1CC.[I-]
CHEMBL2435247,CN1CCN(CCCn2c(=O)c3cc(NCCCN4CCOCC4)c4c(=O)n(CCCN5CCN(C)CC5)c(=O)c5cc(NCCCN6CCOCC6)c(c2=O)c3c54)CC1
CHEMBL1272140,CN1CCN(c2ccc(OC(F)(F)F)c(Nc3ncc4c(n3)-c3c(c(C(N)=O)nn3C)CC4)c2)CC1
CHEMBL3216447,Cl.Cl.c1cc2nc(-c3ccc(-c4nc5ccc(C6=NCCN6)cc5s4)s3)sc2cc1C1=NCCN1
CHEMBL3216913,Cl.Cl.c1cc2nc(-c3ccc(-c4nc5ccc(C6=NCCN6)cc5s4)o3)sc2cc1C1=NCCN1
CHEMBL594764,COc1ccc2c(c1)SC1=N/C(=C\c3sc4ccccc4[n+]3C)C=C(C)N12.[O-][Cl+3]([O-])([O-])[O-]
CHEMBL280643,CC(=O)[O-].CCn1c(=O)/c(=C2\Sc3ccccc3N2C)s/c1=C\c1sc2ccccc2[n+]1CC
CHEMBL1083152,CNc1nc(C)c(-c2ccnc(Nc3cc(OC)c(OC)c(OC)c3)n2)s1
CHEMBL4100071,COc1cc2c(c(OC)c1OC)-c1cc3cc(CO)oc3cc1C(=O)CC2
CHEMBL4103889,COc1cc2c(c(OC)c1OC)-c1cc3cc(C(C)O)oc3cc1C(O)CC2
CHEMBL4464335,C=CC(=O)N1CC(NC(=O)Cn2c(C3CC3)c(C(=O)N3CCc4c(cccc4OC)C3)c3cc(Cl)cc(C)c32)C1
CHEMBL108063,CCN1/C(=C/C=c2\s/c(=C\c3sc4ccccc4[n+]3CC)n(-c3ccccc3)c2=O)Sc2ccccc21.[I-]
CHEMBL2419515,Cc1ccc(S(=O)(=O)c2ccc(CNC(=O)N3Cc4ccncc4C3)cc2)cn1
CHEMBL4435076,CN1CC(Cc2ccc(N(C)C)cc2[N+](=O)[O-])C(=NO)C(Cc2ccc(N(C)C)cc2[N+](=O)[O-])C1
CHEMBL1269246,CN1CCN(CCCCNc2cc3c(=O)n(CCCCN4CCN(C)CC4)c(=O)c4c(NCCCCN5CCN(C)CC5)cc5c(=O)n(CCCCN6CCN(C)CC6)c(=O)c2c5c34)CC1
CHEMBL393760,COC1=CC(=O)c2c(COc3ccc(F)cc3F)c(C)n(C)c2C1=O
CHEMBL524493,COc1cc(/C=C\c2ccc3c(ccn3C)c2)cc(OC)c1
CHEMBL4064361,COc1cc(Br)c(/C=C2\CN(C)CC(=C\c3nc(C)c(C)nc3C)/C2=N\O)cc1OC
CHEMBL1879463,Cn1c(=O)n(-c2ccc(C(C)(C)C#N)cc2)c2c3cc(-c4cnc5ccccc5c4)ccc3ncc21
CHEMBL210209,CC(C)(Cc1ncc[nH]1)C1C(=O)Nc2ccc(-c3cncc(OC[C@@H](N)Cc4c[nH]c5ccccc45)c3)cc21
CHEMBL205487,O=C(NC(=O)c1ccccc1[N+](=O)[O-])Nc1ccc(Sc2ncc(Br)cn2)cc1
CHEMBL391714,COC1=CC(=O)c2c(c(COc3c(F)cc(F)cc3F)c(C)n2C)C1=O
CHEMBL101871,C[C@]1([C@H]2Cc3ccc4oc5c(N6CC[C@H](N)C6)c(F)cc6c(=O)c(C(=O)O)cn(c4c3O2)c56)CO1
CHEMBL4085902,COc1cc(Br)c(/C=C2\CC(C)CC(=C\c3nc(C)c(C)nc3C)/C2=N/O)cc1OC
CHEMBL1172550,COc1cc(C(=O)/C=C/c2cn(C)c3ccccc23)cc(OC)c1OC
CHEMBL4094546,Cc1nc(C)c(/C=C2\CC(C)C/C(=C\c3nc(C)c(C)nc3C)C2=NO)nc1C
CHEMBL2435249,CN1CCN(CCCn2c(=O)c3cc(NC[C@H]4CCCO4)c4c(=O)n(CCCN5CCN(C)CC5)c(=O)c5cc(NC[C@@H]6CCCO6)c(c2=O)c3c54)CC1
CHEMBL203996,Nc1ccccc1C(=O)NC(=O)Nc1ccc(Sc2ncc(Br)cn2)cc1
CHEMBL4089932,COc1cc2c(c(OC)c1OC)-c1cc3cc(C(C)O)oc3cc1C(=O)CC2
CHEMBL1094710,O=C(CCCCCCC(=O)Nc1cccc(-n2cc(C3CCCCC3)nn2)c1)NO
CHEMBL1289102,COc1ccc(-c2cc(C(=O)N/N=C(\C)c3ccc(OC)c(OC)c3)[nH]n2)cc1
CHEMBL210390,Nc1cc2cc(-c3cncc(OC[C@@H](N)Cc4c[nH]c5ccccc45)c3)ccc2cn1
CHEMBL467793,Nc1ccc(-c2cc(C(=O)NCCCCCCC(=O)NO)no2)cc1
CHEMBL468595,Nc1cccc(-c2cc(C(=O)NCCCCCCC(=O)NO)no2)c1
CHEMBL1094707,O=C(CCCCCCC(=O)Nc1cccc(-c2cn(C3CCCCC3)nn2)c1)NO
CHEMBL511749,CC(C)(C)OC(=O)Nc1ccc(-c2cc(C(=O)NCCCCCCC(=O)NO)no2)cc1
CHEMBL594283,CCOc1ccc2c(c1)SC1=N/C(=C\c3oc4ccccc4[n+]3C)C=C(C)N12.[O-][Cl+3]([O-])([O-])[O-]
CHEMBL1076939,COc1cc(-n2cc(-c3cccc(NC(=O)CCCCCCC(=O)NO)c3)nn2)ccc1F
CHEMBL1091474,O=C(CCCCCCC(=O)Nc1cccc(-c2cn(-c3ccc(F)cc3)nn2)c1)NO
CHEMBL2047533,O=C(CCC(=O)Oc1ccccc1C(=O)Oc1ccc(-c2cc(=S)ss2)cc1)OCCCCO[N+](=O)[O-]
CHEMBL235325,COC1=CC(=O)c2c(c(COc3ccccc3[N+](=O)[O-])c(C)n2C)C1=O
CHEMBL2164993,CC(C)CCCCC/C=C/C=C/C(=O)N[C@H](C(=O)N[C@H]1CCCCNC(=O)/C=C/[C@H](C)NC1=O)[C@@H](C)O
CHEMBL1269245,CN1CCN(CCCNc2cc3c(=O)n(CCCN4CCN(C)CC4)c(=O)c4c(NCCCN5CCN(C)CC5)cc5c(=O)n(CCCN6CCN(C)CC6)c(=O)c2c5c34)CC1
CHEMBL403664,Cc1c(N)nc([C@H](CC(N)=O)NC[C@H](N)C(N)=O)nc1C(=O)N[C@H](C(=O)N[C@H](C)[C@@H](O)[C@H](C)C(=O)N[C@H](C(=O)NCCc1nc(-c2nc(C(=O)NCCC[S+](C)C)cs2)cs1)[C@@H](C)O)[C@@H](O[C@@H]1O[C@@H](CO)[C@@H](O)[C@H](O)[C@@H]1O[C@H]1O[C@H](CO)[C@@H](O)[C@H](OC(N)=O)[C@@H]1O)c1c[nH]cn1
CHEMBL1269247,CN1CCN(CCCCCNc2cc3c(=O)n(CCCCCN4CCN(C)CC4)c(=O)c4c(NCCCCCN5CCN(C)CC5)cc5c(=O)n(CCCCCN6CCN(C)CC6)c(=O)c2c5c34)CC1
CHEMBL1092981,COC(=O)NNC(=O)/C(=C/c1ccc2ccccc2c1)c1cc(OC)c(OC)c(OC)c1
CHEMBL351590,NP(=O)(OCc1ccc([N+](=O)[O-])o1)N(CCCl)CCCl
CHEMBL2435250,CN1CCN(CCCn2c(=O)c3cc(NCC4CCOCC4)c4c(=O)n(CCCN5CCN(C)CC5)c(=O)c5cc(NCC6CCOCC6)c(c2=O)c3c54)CC1
CHEMBL298445,Cc1nc(N)sc1-c1ccnc(Nc2cccc([N+](=O)[O-])c2)n1
CHEMBL377603,CC(C)(Cc1ccc[nH]1)C1C(=O)Nc2ccc(-c3cncc(OC[C@@H](N)Cc4c[nH]c5ccccc45)c3)cc21
CHEMBL1614701,Cn1cnc2c(F)c(Nc3ccc(Br)cc3Cl)c(C(=O)NOCCO)cc21
CHEMBL199360,CN(C)CC/N=C1\C=C(O)c2oc(-c3ccccc3)nc2C1=O
CHEMBL200805,CN(C)CC/N=C1\C=C(O)c2nc(-c3ccccc3)oc2C1=O
CHEMBL4085476,O=C1C=CCC(c2cc3c(c4ccccc24)CCCC3)O1
CHEMBL72793,NP(=O)(OCc1ccc([N+](=O)[O-])o1)N(CCBr)CCBr
CHEMBL393025,COC1=CC(=O)c2c(COc3ccc(N)cc3)c(C)n(C)c2C1=O
CHEMBL3216239,Cl.Cl.c1cc(-c2ccc(-c3nc4ccc(C5=NCCN5)cc4s3)s2)ccc1C1=NCCN1
CHEMBL2380834,O=C(Nc1ccc(Nc2ccnc3[nH]c(=O)c4ccccc4c23)cc1)c1ccc(F)cc1C(F)(F)F
CHEMBL1084630,CCNc1nc(C)c(-c2ccnc(Nc3ccc(N4CCOCC4)cc3)n2)s1
CHEMBL46817,Cc1nc(C)c(-c2ccnc(Nc3ccc(N(C)C)cc3)n2)s1
CHEMBL235326,COC1=CC(=O)c2c(COc3ccccc3[N+](=O)[O-])c(C)n(C)c2C1=O
CHEMBL502199,COc1cc(/C=C\c2ccc(OC)c(N)c2)cc(OCCO)c1.Cl
CHEMBL373195,Cc1nc2c(s1)C(O)=C/C(=N\CCN(C)C)C2=O
CHEMBL4554359,Oc1ccc2[nH]cc(C(c3c(Cl)c(Cl)c(C(c4c[nH]c5ccc(O)cc45)c4c[nH]c5ccc(O)cc45)c(Cl)c3Cl)c3c[nH]c4ccc(O)cc34)c2c1
CHEMBL236820,COC1=CC(=O)c2c(COc3ccc(C#N)cc3)c(C)n(C)c2C1=O
CHEMBL1088735,O=C(CCCCCCC(=O)Nc1cccc(-c2cn(Cc3ccc(O)cc3)nn2)c1)NO
CHEMBL493188,CCN(CC)c1ccc(/C=N/NC(=S)Nc2ccccc2)c(O)c1
CHEMBL4214675,[O-][S+](CC#Cc1cccnc1C#CCO)c1c(F)c(F)c(F)c(F)c1F
CHEMBL491277,COc1cc(/C=C\c2ccc3cc[nH]c3c2)cc(OC)c1
CHEMBL490295,COc1cc(/C=C\c2ccc3[nH]ccc3c2)cc(OC)c1
CHEMBL4436271,CCc1c2c(nc3ccc(O)cc13)-c1cc3c(c(=O)n1C2)COC(=O)[C@@]3(CC)OC(=O)CCNC(=O)c1noc(-c2cc(C(C)C)c(O)cc2O)c1-c1ccc(CN2CCOCC2)cc1
CHEMBL2380829,O=C(Nc1ccc(Nc2ccnc3[nH]c(=O)c4ccccc4c23)cc1)c1cccc(F)c1F
CHEMBL505363,C=C[C@]1(C)[C@@H](C(=C)C=O)[C@@H](OC(=O)C(C)(O)CC)[C@@H]2C(=C)C(=O)O[C@H]1[C@H]2OC(C)=O
CHEMBL369474,COc1cc2c(c3oc4c(O)cccc4c(=O)c13)C[C@H]([C@@]1(C)CO1)O2
CHEMBL2380837,O=C(Nc1ccc(Nc2ccnc3[nH]c(=O)c4ccccc4c23)cc1)c1cc(F)cc(C(F)(F)F)c1
CHEMBL237620,COC1=CC(=O)c2c(COc3c(F)cc(F)cc3F)c(C)n(C)c2C1=O
CHEMBL463298,C=C1C(=O)O[C@H]2[C@@H](OC(C)=O)[C@@H]1[C@H](OC(=O)C(C)(O)CC)[C@H](C(=C)C=O)[C@@]2(C)[C@@H]1CO1
CHEMBL1084715,CCNc1nc(C)c(-c2ccnc(Nc3ccc(CNC(C)=O)cc3)n2)s1
CHEMBL2107358,COC1=CC(c2cc3ccccc3[nH]2)=N/C1=C\c1[nH]c(C)cc1C.CS(=O)(=O)O
CHEMBL1083150,CNc1ccc(Nc2nccc(-c3sc(C)nc3C)n2)cc1
CHEMBL4439395,O=C(Cc1ccc(-c2ccccc2)cc1)Nc1cc(C2CCC2)[nH]n1
CHEMBL575448,C[C@@]1(C(=O)Nc2ccc(F)nc2)CCCN1c1nc(Nc2cc(C3CC3)n[nH]2)c2cccn2n1
CHEMBL2380835,O=C(Nc1ccc(Nc2ccnc3[nH]c(=O)c4ccccc4c23)cc1)c1cccc(C(F)(F)F)c1F
CHEMBL449158,CCC/C=C/C=C/C(=O)O[C@H]1/C(=C/C(=O)OC)C[C@H]2C[C@H]([C@@H](C)O)OC(=O)C[C@H](O)C[C@@H]3C[C@H](OC(C)=O)C(C)(C)[C@](O)(C[C@@H]4C/C(=C/C(=O)OC)C[C@H](/C=C/C(C)(C)[C@]1(O)O2)O4)O3
CHEMBL235324,COC1=CC(=O)c2c(COc3cccc([N+](=O)[O-])c3)c(C)n(C)c2C1=O
CHEMBL393095,COC1=CC(=O)c2c(c(COc3cccc([N+](=O)[O-])c3)c(C)n2C)C1=O
CHEMBL373432,COC1=CC(=O)c2c(c(O)c3oc4cc(OC)cc(C)c4c(=O)c3c2O)C1=O
CHEMBL3216809,Cl.Cl.c1cc(-c2nc3ccc(C4=NCCN4)cc3s2)cc(-c2nc3ccc(C4=NCCN4)cc3s2)c1
CHEMBL151546,NC(=O)Nc1cccc2c1C(=O)c1c(-c3csc(Cl)c3)n[nH]c1-2
CHEMBL1084629,CNc1nc(C)c(-c2ccnc(Nc3ccc(N4CCOCC4)cc3)n2)s1
CHEMBL105,CO[C@@]12[C@H](COC(N)=O)C3=C(C(=O)C(C)=C(N)C3=O)N1C[C@@H]1N[C@@H]12
CHEMBL9470,CC(C)=CC[C@@H](O)C1=CC(=O)c2c(O)ccc(O)c2C1=O
CHEMBL482967,Cc1nc(N)sc1-c1ccnc(Nc2ccc(N3CCOCC3)cc2)n1
CHEMBL2380831,O=C(Nc1ccc(Nc2ccnc3[nH]c(=O)c4ccccc4c23)cc1)c1c(F)cccc1F
CHEMBL1201182,CO[C@H]1C[C@@H]2CC[C@@H](C)[C@@](O)(O2)C(=O)C(=O)N2CCCC[C@H]2C(=O)O[C@H]([C@H](C)C[C@@H]2CC[C@@H](OC(=O)C(C)(CO)CO)[C@H](OC)C2)CC(=O)[C@H](C)/C=C(\C)[C@@H](O)[C@@H](OC)C(=O)[C@H](C)C[C@H](C)/C=C/C=C/C=C/1C
CHEMBL483892,O=C(CCCCCCC(=O)Nc1cccc(-c2cn(Cc3ccc(F)cc3)nn2)c1)NO
CHEMBL4208224,Cc1c2cc(Cl)ccc2n2cc(Cc3ccccc3)[nH]c(=O)c12
CHEMBL4204412,CCCCNC(=O)N[C@]1(C)CC[C@]2(C)CC[C@]3(C)C4=CC=C5C(=CC(=O)C(O)=C5C)[C@]4(C)CC[C@@]3(C)[C@@H]2C1
CHEMBL236821,COC1=CC(=O)c2c(COc3ccc(C(F)(F)F)cc3)c(C)n(C)c2C1=O
CHEMBL4227515,Cc1nn(-c2nc(-c3ccc(Cl)c(Cl)c3)c(SC(C)C)s2)c(C(=O)O)c1-c1cc(Cl)cc(Cl)c1
CHEMBL4167347,CCCCCOC(=O)N[C@]1(C)CC[C@]2(C)CC[C@]3(C)C4=CC=C5C(=CC(=O)C(O)=C5C)[C@]4(C)CC[C@@]3(C)[C@@H]2C1
CHEMBL517794,C=C[C@]1(C)[C@@H](C(=C)C=O)[C@@H](OC(=O)C(C)(C)O)[C@@H]2C(=C)C(=O)O[C@H]1[C@H]2OC(C)=O
CHEMBL289228,Cn1cncc1[C@@](N)(c1ccc(Cl)cc1)c1ccc2c(c1)c(-c1cccc(Cl)c1)cc(=O)n2C
CHEMBL2380845,O=C(Nc1ccc(Nc2ccnc3[nH]c(=O)c4ccccc4c23)cc1)c1ccccc1
CHEMBL4167018,COC(=O)N[C@]1(C)CC[C@]2(C)CC[C@]3(C)C4=CC(=O)c5c(cc(OC(C)=O)c(OC(C)=O)c5C)[C@]4(C)CC[C@@]3(C)[C@@H]2C1
CHEMBL4216597,CC1=C(O)C(=O)C=C2C1=CC=C1[C@@]3(C)CC[C@@]4(C)CC[C@@](C)(NC(=O)NCCc5cccc(Cl)c5)C[C@H]4[C@]3(C)CC[C@@]21C
CHEMBL438850,COC1=CC(=O)c2c(COc3ccc([N+](=O)[O-])cc3)c(C)n(C)c2C1=O
CHEMBL4169367,CC(=O)Oc1cc2c(c(C)c1OC(C)=O)C(=O)C=C1[C@@]3(C)CC[C@@]4(C)CC[C@@](C)(C(N)=O)C[C@H]4[C@]3(C)CC[C@]12C
CHEMBL388978,CN[C@@H]1C[C@H]2O[C@@](C)([C@@H]1OC)n1c3ccccc3c3c4c(c5c6ccccc6n2c5c31)C(=O)NC4
CHEMBL2380830,O=C(Nc1ccc(Nc2ccnc3[nH]c(=O)c4ccccc4c23)cc1)c1ccc(F)cc1F
CHEMBL2041933,NC(=O)Nc1cc(-c2cccc(F)c2)sc1C(=O)N[C@H]1CCCNC1
CHEMBL4177211,CC(=O)Oc1cc2c(c(C)c1OC(C)=O)C(=O)C=C1[C@@]3(C)CC[C@@]4(C)CC[C@@](C)(C=O)C[C@H]4[C@]3(C)CC[C@]12C
CHEMBL4061865,COc1cc2c(c(OC)c1OC)-c1cc3cc(CCO)oc3cc1C(=O)CC2
CHEMBL242114,COc1cccc(/C=N/NC(N)=S)c1O
CHEMBL4085197,COc1cc2c(c(OC)c1OC)-c1cc3cc(CCO)oc3cc1C(O)CC2
CHEMBL519491,O=C(CCCCCCC(=O)Nc1ccc(-c2cn(-c3ccccc3)nn2)cc1)NO
CHEMBL4545956,CCOC(OCC)c1ccc(CC2CN(C)CC(Cc3ccc(C(OCC)OCC)cc3)C2=NO)cc1
CHEMBL4174559,CCCOC(=O)N[C@]1(C)CC[C@]2(C)CC[C@]3(C)C4=CC=C5C(=CC(=O)C(O)=C5C)[C@]4(C)CC[C@@]3(C)[C@@H]2C1
CHEMBL4218069,CC1=C(O)C(=O)C=C2C1=CC=C1[C@@]3(C)CC[C@@]4(C)CC[C@@](C)(NC(=O)Nc5ccccc5)C[C@H]4[C@]3(C)CC[C@@]21C
CHEMBL2380824,O=C(Nc1ccc(Nc2ccnc3[nH]c(=O)c4ccccc4c23)cc1)c1ccccc1C(F)(F)F
CHEMBL2380832,O=C(Nc1ccc(Nc2ccnc3[nH]c(=O)c4ccccc4c23)cc1)c1ccc(F)c(F)c1
CHEMBL235531,COC1=CC(=O)c2c(COc3ccccc3)c(C)n(C)c2C1=O
CHEMBL4204906,CC1=C(O)C(=O)C=C2C1=CC=C1[C@@]3(C)CC[C@@]4(C)CC[C@@](C)(NC(=O)NCCc5ccccc5)C[C@H]4[C@]3(C)CC[C@@]21C
CHEMBL4208743,CNC(=O)N[C@]1(C)CC[C@]2(C)CC[C@]3(C)C4=CC=C5C(=CC(=O)C(O)=C5C)[C@]4(C)CC[C@@]3(C)[C@@H]2C1
CHEMBL445813,O=C(NC1CCNCC1)c1n[nH]cc1NC(=O)c1c(Cl)cccc1Cl
CHEMBL236819,COC1=CC(=O)c2c(COc3ccc([N+](=O)[O-])cc3F)c(C)n(C)c2C1=O
CHEMBL101299,N[C@H]1CCN(c2c(F)cc3c(=O)c(C(=O)O)cn4c5ccccc5oc2c34)C1
CHEMBL382593,CCc1nc2c(o1)C(=O)C(NCCN(C)C)=CC2=O
CHEMBL3126004,C[C@H](NP(=O)(OC[C@H]1O[C@@H](n2ccc(N)nc2=O)C(F)(F)[C@@H]1O)Oc1ccccc1)C(=O)OCc1ccccc1
CHEMBL516877,C=C1C(=O)O[C@H]2[C@@H](OC(C)=O)[C@@H]1[C@H](OC(=O)C(C)(C)O)[C@H](C(=C)C=O)[C@@]2(C)[C@@H]1CO1
CHEMBL199359,CCc1nc2c(o1)C(O)=C/C(=N\CCN(C)C)C2=O
CHEMBL4203982,CC1=C(O)C(=O)C=C2C1=CC=C1[C@@]3(C)CC[C@@]4(C)CC[C@@](C)(NC(=O)NCc5ccc(C)cc5)C[C@H]4[C@]3(C)CC[C@@]21C
CHEMBL351001,CCCNP(=O)(OCc1ccc([N+](=O)[O-])o1)N(CCCl)CCCl
CHEMBL4227747,Cc1c(-c2ccc(-c3ccccc3F)cc2)nc2cnc(C(F)(F)F)cc2c1C(=O)O
CHEMBL301982,CC1=C(O)C(=O)C=C2C1=CC=C1[C@@]3(C)CC[C@@]4(C)CC[C@@](C)(C(=O)O)C[C@H]4[C@]3(C)CC[C@@]21C
CHEMBL3126175,C[C@H](NP(=O)(OC[C@H]1O[C@@H](n2ccc(N)nc2=O)C(F)(F)[C@@H]1O)Oc1cccc2ccccc12)C(=O)OC1CCCC1
CHEMBL1093860,COc1ccc(-c2[nH][nH]c(=O)c2-c2cc(OC)c(OC)c(OC)c2)cc1O
CHEMBL217354,CC(C)c1ccccc1Cc1cc(C(=O)Nc2ccc(S(=O)(=O)c3ccccc3C(C)(C)C)cc2)c(O)c(O)c1O
CHEMBL4165936,CC(=O)Oc1cc2c(c(C)c1OC(C)=O)C(=O)C=C1[C@@]3(C)CC[C@@]4(C)CC[C@@](C)(CO)C[C@H]4[C@]3(C)CC[C@]12C
CHEMBL564906,COc1ccc(-c2noc(-c3ccc(O)cc3)n2)cc1OC1CCCC1
CHEMBL4065858,O=C1N[C@](c2ccc(N3CCOCC3)cc2)(c2ccsc2)CC(O)=C1Sc1ccccc1Cl
CHEMBL1084969,CC(=O)N1CCN(c2ccc(Nc3nccc(-c4sc(N)nc4C)n3)cc2)CC1
CHEMBL237619,COC1=CC(=O)c2c(COc3ccc(F)cc3)c(C)n(C)c2C1=O
CHEMBL4464785,COc1ccc(/C=C/C(=O)c2ccc(NC(=O)c3cc4cc5ccccc5nc4s3)cc2)cc1OC
CHEMBL483693,O=C(CCCCCCC(=O)Nc1cccc(-c2cn(Cc3ccccc3)nn2)c1)NO
CHEMBL483494,O=C(CCCCCCC(=O)Nc1ccc(-c2cn(Cc3ccc(F)cc3)nn2)cc1)NO
CHEMBL3216681,CC(C)NC(=N)c1ccc(-c2ccc(-c3nc4ccc(C(=N)NC(C)C)cc4s3)o2)cc1.Cl.Cl
CHEMBL596160,COc1ccc2c(c1)SC1=N/C(=C\c3oc4ccccc4[n+]3C)C=C(C)N12.[O-][Cl+3]([O-])([O-])[O-]
CHEMBL251833,CC(C)[C@@H]1NC(=O)c2coc(n2)-c2coc(n2)-c2coc(n2)[C@H](C(C)C)NC(=O)c2coc(n2)-c2coc(n2)-c2coc1n2
CHEMBL4211213,CCCCC(=O)OCC#Cc1ncccc1C#CC[S+]([O-])c1c(F)c(F)c(F)c(F)c1F
CHEMBL357217,COC1=CC(=O)c2c(c(COc3ccc([N+](=O)[O-])cc3)c(C)n2C)C1=O
CHEMBL596136,CC1=C/C(=C/c2sc3ccccc3[n+]2C)N=C2Sc3cc(OCCO)ccc3N12.[O-][Cl+3]([O-])([O-])[O-]
CHEMBL138865,COc1ccc2c(c1)sc1c(=O)n(CCCN(C)C)c3ccccc3c12
CHEMBL1807120,CC(=O)N(/N=N/c1ccc([N+](=O)[O-])cc1Cl)c1ccc([N+](=O)[O-])cc1Cl
CHEMBL4174287,CC1=C(O)C(=O)C=C2C1=CC=C1[C@@]3(C)CC[C@@]4(C)CC[C@@](C)(N=C=O)C[C@H]4[C@]3(C)CC[C@@]21C
CHEMBL3659991,CC1CN(c2ccc3nc(-c4n[nH]c5ccc(NC(=O)C6CC6(F)F)cc45)[nH]c3c2)CCO1
CHEMBL558299,COc1ccc(-c2noc(C3CCNCC3)n2)cc1OC1CCCC1
CHEMBL4213683,CCNC(=O)N[C@]1(C)CC[C@]2(C)CC[C@]3(C)C4=CC=C5C(=CC(=O)C(O)=C5C)[C@]4(C)CC[C@@]3(C)[C@@H]2C1
CHEMBL1093861,COc1ccc(-c2[nH][nH]c(=O)c2-c2cc(OC)c(OC)c(OC)c2)cc1F
CHEMBL4173484,CC(=O)Oc1cc2c(c(C)c1OC(C)=O)CC=C1[C@@]3(C)CC[C@@]4(C)CC[C@@](C)(C(=O)O)C[C@H]4[C@]3(C)CC[C@]12C
CHEMBL4209268,CC1=C(O)C(=O)C=C2C1=CC=C1[C@@]3(C)CC[C@@]4(C)CC[C@@](C)(NC(=O)NCc5ccc(F)cc5)C[C@H]4[C@]3(C)CC[C@@]21C
CHEMBL4215659,CC1=C(O)C(=O)C=C2C1=CC=C1[C@@]3(C)CC[C@@]4(C)CC[C@@](C)(NC(=O)Nc5ccccc5N)C[C@H]4[C@]3(C)CC[C@@]21C
CHEMBL398015,COC1=CC(=O)c2c(c(COc3cccnc3)c(C)n2C)C1=O
CHEMBL3126177,C[C@H](NP(=O)(OC[C@H]1O[C@@H](n2ccc(N)nc2=O)C(F)(F)[C@@H]1O)Oc1cccc2ccccc12)C(=O)OCc1ccccc1
CHEMBL1090583,COc1ccc(-c2[nH][nH]c(=O)c2-c2cc(OC)c(OC)c(OC)c2)cc1
CHEMBL4171122,COC(=O)N[C@]1(C)CC[C@]2(C)CC[C@]3(C)C4=CC=C5C(=CC(=O)C(O)=C5C)[C@]4(C)CC[C@@]3(C)[C@@H]2C1
CHEMBL383264,N[C@H](COc1cncc(-c2ccc3cnccc3c2)c1)Cc1c[nH]c2ccccc12
CHEMBL483495,O=C(CCCCCCC(=O)Nc1ccc(-c2cn(CC(O)c3cccc(Br)c3)nn2)cc1)NO
CHEMBL4540891,CC#CC#CC(=O)c1ccccc1
CHEMBL523435,COc1cccc2c(C3=C(c4cn(C)c5cc(I)c(F)cc45)C(=O)NC3=O)coc12
CHEMBL522881,Oc1ccc2ccccc2c1/C=N/NC(=S)Nc1ccccc1
CHEMBL1088345,CC(C)(C)c1ccc(-n2cc(-c3cccc(NC(=O)CCCCCCC(=O)NO)c3)nn2)cc1
CHEMBL2363137,Cc1cc([N+](=O)[O-])ccc1NS(=O)(=O)c1cc(Cl)ccc1Cl
CHEMBL1083786,CC(=O)N1CCN(c2ccc(Nc3nccc(-c4sc(C)nc4C)n3)cc2)CC1
CHEMBL1083484,Cc1nc(C)c(-c2ccnc(Nc3ccc(N4CCN(S(C)(=O)=O)CC4)cc3)n2)s1
CHEMBL1083785,CNc1nc(C)c(-c2ccnc(Nc3ccc(N4CCN(C(C)=O)CC4)cc3)n2)s1
CHEMBL4209285,CC1=C(O)C(=O)C=C2C1=CC=C1[C@@]3(C)CC[C@@]4(C)CC[C@@](C)(NC(N)=O)C[C@H]4[C@]3(C)CC[C@@]21C
CHEMBL4228652,C[C@H](NP(=O)(OC[C@H]1O[C@@H](n2c(I)c(F)c(=O)[nH]c2=O)[C@H](O)[C@@H]1O)Oc1cccc2ccccc12)C(=O)OCc1ccccc1
CHEMBL4216711,COc1c(O)cc(O)c2c1C(=O)c1cc(C)ncc1C2=O
CHEMBL4446403,CCc1c2c(nc3ccc(OC(=O)N4CCC(NC(=O)c5noc(-c6cc(C(C)C)c(O)cc6O)c5-c5ccc(CN6CCOCC6)cc5)CC4)cc13)-c1cc3c(c(=O)n1C2)COC(=O)[C@]3(O)CC
CHEMBL4213144,CCCNC(=O)N[C@]1(C)CC[C@]2(C)CC[C@]3(C)C4=CC=C5C(=CC(=O)C(O)=C5C)[C@]4(C)CC[C@@]3(C)[C@@H]2C1
CHEMBL4083642,Cc1nc(C)c(/C=C2\CN(C)C/C(=C\c3nc(C)c(C)nc3C)C2=O)nc1C
CHEMBL454401,COc1cc(O)cc(/C=C\c2ccc(OC)c(N)c2)c1.Cl
CHEMBL469274,CC(C)(C)OC(=O)Nc1cccc(-c2cc(C(=O)NCCCCCCC(=O)NO)no2)c1
CHEMBL2380827,O=C(Nc1ccc(Nc2ccnc3[nH]c(=O)c4ccccc4c23)cc1)c1ccc(F)cc1
CHEMBL1092797,Cc1c(O)c(O)cc2c1CC=C1[C@@]3(C)CC[C@@]4(C)CC[C@@](C)(C(=O)O)C[C@H]4[C@]3(C)CC[C@]12C
CHEMBL561248,COc1ccc(-c2noc(-c3ccc(Cl)cc3)n2)cc1OC1CCCC1
CHEMBL1806792,Cl.c1cnc2nc3ccc4ccc(C5=NCCN5)cc4n3c2c1
CHEMBL206073,O=C(NC(=O)c1ccccc1[N+](=O)[O-])Nc1ccc(Oc2ncc(Br)cn2)cc1
CHEMBL4163906,CCOC(=O)N[C@]1(C)CC[C@]2(C)CC[C@]3(C)C4=CC=C5C(=CC(=O)C(O)=C5C)[C@]4(C)CC[C@@]3(C)[C@@H]2C1
CHEMBL4159441,CC1=C(O)C(=O)C=C2C1=CC=C1[C@@]3(C)CC[C@@]4(C)CC[C@@](C)(NC(=O)OC(C)C)C[C@H]4[C@]3(C)CC[C@@]21C
CHEMBL4462971,COc1ccc2nc3sc(C(=O)Nc4ccc(C(=O)/C=C/c5ccc(OC)c(OC)c5)cc4)cc3cc2c1
CHEMBL1091815,O=C(CCCCCCC(=O)Nc1cccc(-c2cn(-c3cc(F)cc(F)c3)nn2)c1)NO
CHEMBL1164216,COc1ccc(OC)c(/C=C(\C#N)c2nc3ccccc3[nH]2)c1
CHEMBL2047535,O=C(CCCC[C@@H]1CCSS1)Oc1ccccc1C(=O)OCCCCO[N+](=O)[O-]
CHEMBL2087832,COc1ccc(N/C=C\C(=O)c2cc(OC)c(OC)c(OC)c2Br)cc1O
CHEMBL4209769,COCCOCOCC#Cc1ncccc1C#CC[S+]([O-])c1c(F)c(F)c(F)c(F)c1F
CHEMBL521616,COc1cc(/C=C\c2ccc3[nH]cnc3c2)cc(OC)c1
CHEMBL483893,O=C(CCCCCCC(=O)Nc1cccc(-c2cn(CC(O)c3cccc(Br)c3)nn2)c1)NO
CHEMBL2380833,O=C(Nc1ccc(Nc2ccnc3[nH]c(=O)c4ccccc4c23)cc1)c1cc(F)cc(F)c1
CHEMBL4076972,CCc1ccc(C2CC=CC(=O)O2)c2ccccc12
CHEMBL306688,Cc1cc(NC(=O)NC(=O)c2ccccc2N(C)C)ccc1Oc1ncc(Br)cn1
CHEMBL4204918,CC1=C(O)C(=O)C=C2C1=CC=C1[C@@]3(C)CC[C@@]4(C)CC[C@@](C)(NC(=O)NO)C[C@H]4[C@]3(C)CC[C@@]21C
CHEMBL4553956,O=C(Cc1ccc2ccccc2c1)Nc1cc(C2CCC2)[nH]n1
CHEMBL603469,C[C@]12O[C@H](C[C@]1(O)CO)n1c3ccccc3c3c4c(c5c6ccccc6n2c5c31)CNC4=O
CHEMBL1085626,Cc1nc(C)c(-c2ccnc(Nc3ccc(N4CCOCC4)cc3)n2)s1
CHEMBL210954,CC(C)(Cc1ccco1)C1C(=O)Nc2ccc(-c3cncc(OC[C@@H](N)Cc4c[nH]c5ccccc45)c3)cc21
CHEMBL1094708,Nc1ccc(-n2cc(-c3cccc(NC(=O)CCCCCCC(=O)NO)c3)nn2)cc1
CHEMBL1088734,O=C(CCCCCCC(=O)Nc1cccc(-c2cn(-c3ccc(C(F)(F)F)cc3)nn2)c1)NO
CHEMBL4447196,COc1ccc(/C=C/C(=O)c2ccc(NC(=O)c3cc4cc5cc(C)ccc5nc4s3)cc2)cc1OC
CHEMBL559257,c1cncc(-c2nnc(-c3c[nH]c4ccccc34)o2)c1
CHEMBL468842,CC(=O)Nc1ccc(-c2cc(C(=O)NCCCCCCC(=O)NO)no2)cc1
CHEMBL4069321,O=C1C(Nc2ccc(-c3ccccc3)cc2)=CC(=O)c2ncncc21
CHEMBL9514,COC(=O)Nc1nc2ccc(C(=O)c3cccs3)cc2[nH]1
CHEMBL2380825,O=C(Nc1ccc(Nc2ccnc3[nH]c(=O)c4ccccc4c23)cc1)c1cccc(F)c1
CHEMBL1796213,Nc1ncn(C/C=C2\OC(=O)C(OCc3ccccc3)=C2OCc2ccccc2)c(=O)n1
CHEMBL208272,Nc1ccccc1C(=O)NC(=O)Nc1ccc(Oc2ncc(Br)cn2)cc1
CHEMBL1801204,COc1ccc(-c2ccc3c(N4CCOC[C@@H]4C)nc(N4CCOC[C@@H]4C)nc3n2)cc1CO
CHEMBL98,O=C(CCCCCCC(=O)Nc1ccccc1)NO
CHEMBL502569,Cc1ccc([C@H]2CC=CC(=O)O2)c2ccccc12
CHEMBL94277,COC1=CC(=O)c2c(c(COc3ccccc3)c(C)n2C)C1=O
CHEMBL191384,N#C/C(=C1/Nc2ccccc2S1)c1ccnc(NCCc2cccnc2)n1
CHEMBL4211746,COc1cc(O)cc2c1C(=O)c1cnc(C)cc1C2=O
CHEMBL1086088,CCNc1nc(C)c(-c2ccnc(Nc3cc(OC)c(OC)c(OC)c3)n2)s1
CHEMBL513160,O=C(CCCCOCc1cc(-c2ccccc2)on1)NO
CHEMBL500064,Cl.O=C(Nc1ccc(C2=NCCN2)cn1)c1sc2ccccc2c1Cl
CHEMBL70309,CNc1ccccc1C(=O)NC(=O)Nc1ccc(Oc2ncc(Br)cn2)c(C)c1
CHEMBL240182,Cl.c1ccc2c(c1)ccc1nc3ccc(C4=NCCN4)cc3n12
CHEMBL550011,CN(C)CCN(Cc1ccc(Cl)cc1)c1ccccn1.Cl
CHEMBL488747,O=C(CCCCCCC(=O)Nc1cccc(-c2cnnn2Cc2ccccc2)c1)NO
CHEMBL487533,O=C(CCCCCCC(=O)Nc1ccc(-c2cn(Cc3ccccc3)nn2)cc1)NO
CHEMBL2393183,Nc1ccc(CNC(=O)Nc2ccc(S(=O)(=O)c3ccccc3)cc2)cn1
CHEMBL4170738,CC1=C(O)C(=O)C=C2C1=CC=C1[C@@]3(C)CC[C@@]4(C)CC[C@@](C)(NC(=O)OC(C)(C)CO)C[C@H]4[C@]3(C)CC[C@@]21C
CHEMBL336688,CN(C)CCCn1c(=O)c2sc3cc(C(=O)Nc4ccccc4)ccc3c2c2ccccc21
CHEMBL4588486,COc1ccc2nc3sc(C(=O)Nc4ccc(C(=O)/C=C/c5cc(OC)c(OC)c(OC)c5)cc4)cc3cc2c1
CHEMBL4214165,[O-][S+](CC#Cc1cccnc1C#CCOC1CCCCO1)c1c(F)c(F)c(F)c(F)c1F
CHEMBL1270737,C=C1C(=O)O[C@@H](c2ccc3ccccc3c2)[C@H]1c1ccccc1
CHEMBL336456,COC(=O)c1ccc2c(c1)sc1c(=O)n(CCCN(C)C)c3ccccc3c12
CHEMBL204347,CN1CCN(C(=O)c2ccc3c(NC4CCN(Cc5ccccc5)CC4)c4ccccc4nc3c2)CC1
CHEMBL4086093,O=C(CCCCCCC(=O)Nc1ccccc1CN1CC[C@H](O)C1)NO
CHEMBL504777,Cl.O=c1[nH]c2ncc(C3=NCCN3)cc2c2c1sc1ccccc12
CHEMBL1171837,Cc1ccc(C(=O)Nc2ccc(CN3CCN(C)CC3)c(C(F)(F)F)c2)cc1C#Cc1cnc2cccnn12
CHEMBL228191,CC#Cc1cn(C/C=C2\OC(=O)C(OCc3ccccc3)=C2OCc2ccccc2)c(=O)[nH]c1=O
CHEMBL141921,Cc1ccc2c(c1)sc1c(=O)n(CCCN(C)C)c3ccccc3c12
CHEMBL1448,O=C(Nc1ccc([N+](=O)[O-])cc1Cl)c1cc(Cl)ccc1O
CHEMBL1230165,O=C(O)c1ccc2c(c1)nc(Nc1cccc(Cl)c1)c1ccncc12
CHEMBL4213146,CCc1c2cc(C(F)(F)F)ccc2n2cc(Cc3ccccc3)[nH]c(=O)c12
CHEMBL450152,C=C(C)[C@@H]1CC[C@]2(C(=O)NCC(=O)O)CC[C@]3(C)[C@H](CC[C@@H]4[C@@]5(C)Cc6c([nH]c7ccccc67)C(C)(C)[C@@H]5CC[C@]43C)[C@@H]12
CHEMBL2380838,COc1cccc(F)c1C(=O)Nc1ccc(Nc2ccnc3[nH]c(=O)c4ccccc4c23)cc1
CHEMBL485043,COC1CCC[C@H](C)OC(=O)Cc2cc(O)cc(O)c2C(=O)C1
CHEMBL565493,CC(/C=C/[C@@H]1C[C@]2(CO2)CC(C)(C)O1)=C\C[C@H]1CC[C@@H](NC(=O)/C=C\[C@H](C)OC(=O)C(C)C)CC1
CHEMBL266971,C1=C(CCC[n+]2ccccc2)\C=N\c2ccccc2N/C=C(CCC[n+]2ccccc2)\C=N\c2ccccc2N/1.[Br-].[Br-]
CHEMBL4081890,NS(=O)(=O)c1ccc(Cc2c(-c3cccc(-c4ccccc4)c3)nn(-c3nc(C(=O)O)cs3)c2CC2CC2)cc1
CHEMBL4071114,C=C(C)[C@@H]1CC[C@]2(C(=O)O)CC[C@]3(C)[C@H](CC[C@@H]4[C@@]5(C)C/C(=C\c6ccc(F)cc6)[C@H](O)C(C)(C)[C@@H]5CC[C@]43C)[C@@H]12
CHEMBL1084454,Cc1nc(C)c(-c2ccnc(Nc3ccc(N)cc3)n2)s1
CHEMBL137885,CN(C)CCCn1c(=O)c2sc3cc([N+](=O)[O-])ccc3c2c2ccccc21
CHEMBL1956073,C[C@@H](c1ccccc1)[C@@H](C(=O)Nc1ccc(I)cc1F)N1C(=O)N[C@H](c2ccc(OC[C@H](O)CO)cc2)C1=O
CHEMBL2069884,CN1CCN(CCc2ccc(-c3ncc(-c4cccc(-c5cnc(-c6ccc(CCN7CCN(C)CC7)cc6)o5)c4)o3)cc2)CC1
CHEMBL4207316,CCc1c(C(=O)NC(CO)Cc2ccccc2)[nH]c2ccc(C(F)(F)F)cc12
CHEMBL4100075,Cc1nc(C)c(/C=C2\CC(C)C/C(=C\c3nc(C)c(C)nc3C)C2=O)nc1C
CHEMBL4289082,COc1ccc2nc(-c3ccc(N/C=C\C(=O)c4ccc(OC)c(F)c4)cc3)sc2c1
CHEMBL4226832,CCCCCOC(=O)[C@H](C)NP(=O)(OC[C@H]1O[C@@H](n2c(I)c(F)c(=O)[nH]c2=O)[C@H](O)[C@@H]1O)Oc1ccccc1
CHEMBL481,CCc1c2c(nc3ccc(OC(=O)N4CCC(N5CCCCC5)CC4)cc13)-c1cc3c(c(=O)n1C2)COC(=O)[C@]3(O)CC
CHEMBL3335794,COc1ncc(-c2ccc3c(Nc4cc(Oc5cc(F)cc(F)c5)cc(C(=O)O)c4)c(S(=O)(=O)NC4CC4)cnc3c2)c(OC)n1
CHEMBL585951,Fc1cc(-c2cc[nH]/c(=N/c3ccc(-n4cnc(N5CCOCC5)n4)cc3)n2)cc(N2CCOCC2)c1
CHEMBL4103362,O=C1C(Nc2ccc(OC(F)(F)F)cc2)=CC(=O)c2ncncc21
CHEMBL564426,COc1cc(-c2nnc(-c3cn(C)c4ccccc34)o2)ccc1OCc1ccccc1
CHEMBL4063903,Cc1cccc(CCCc2ccc(C3CC=CC(=O)O3)c3ccccc23)c1
CHEMBL142064,CN(C)CCCn1c(=O)c2sc3ccccc3c2c2ccccc21
CHEMBL4211503,CC(=O)Oc1cc2c(c(C)c1OC(C)=O)CC=C1[C@@]3(C)CC[C@@]4(C)CC[C@@](O)(N=C=O)C[C@H]4[C@]3(C)CC[C@]12C
CHEMBL3126002,C[C@H](NP(=O)(OC[C@H]1O[C@@H](n2ccc(N)nc2=O)C(F)(F)[C@@H]1O)Oc1ccccc1)C(=O)OCC(C)(C)C
CHEMBL4162536,CC(=O)Oc1cc2c(c(C)c1OC(C)=O)CC=C1[C@@]3(C)CC[C@@]4(C)CC[C@@](C)(N=C=O)C[C@H]4[C@]3(C)CC[C@]12C
CHEMBL803,Nc1ccn([C@@H]2O[C@H](CO)[C@@H](O)[C@@H]2O)c(=O)n1
CHEMBL4060096,CCCc1ccc(C2CC=CC(=O)O2)c2ccccc12
CHEMBL4566049,O/N=C(\CCCN1CCCN(c2ccc(Cl)cc2)CC1)c1ccc(F)cc1
CHEMBL4067409,COc1cc(NC2=CC(=O)c3ncncc3C2=O)cc(OC)c1OC
CHEMBL1254246,COc1cc(-c2nnc(-c3c[nH]c4ccc(Br)cc34)s2)ccc1OCc1ccccc1
CHEMBL4075241,COc1cc(Cl)c(/C=C2\CN(C(C)C)C/C(=C\c3nc(C)c(C)nc3C)C2=O)cc1OC
