molecule_chembl_id,canonical_smiles,pIC50,bioactivity_class
CHEMBL3823268,COc1cc(P(C)(C)=O)ccc1Nc1ncc(Cl)c(Nc2ccccc2C(N)=O)n1,9.958607314841775,active
CHEMBL3652826,COc1cc(OCCN2CCCC2)ccc1Nc1ncc2c(n1)-c1c(nn(C)c1-c1ccccc1Cl)CC2,9.744727494896694,active
CHEMBL3656563,COc1cc(N2CCN(C)CC2)ccc1Nc1ncc2c(n1)-c1c(nn(C)c1-c1ccccc1Cl)CC2C,9.721246399047171,active
CHEMBL3656576,COc1cc(N2CCN(C)CC2)ccc1Nc1ncc2c(n1)-c1c(nn(C)c1-c1ccccc1Cl)CC2,9.721246399047171,active
CHEMBL3656637,COCCn1ccc(Nc2ncc3c(n2)-c2c(nn(C)c2-c2ccc(Cl)cc2)CC3)n1,9.698970004336019,active
CHEMBL3656635,CC(=O)N1CCC(n2cc(Nc3ncc4c(n3)-c3c(nn(C)c3-c3sccc3Cl)CC4)cn2)CC1,9.698970004336019,active
CHEMBL3661006,CCOc1cc(N2CCN(C(C)C)CC2)ccc1Nc1ncc2c(n1)-c1c(nn(C)c1Cc1ccccc1)CC2,9.585026652029182,active
CHEMBL3660916,COc1cc(C(=O)N[C@H]2CC[C@H](N3CCOCC3)CC2)ccc1Nc1ncc2c(n1)-c1c(nn(C)c1-c1ccccc1Cl)CC2,9.568636235841012,active
CHEMBL3660996,COc1cc(C(=O)NC2CCN(C)CC2)ccc1Nc1ncc2c(n1)-c1c(nn(C)c1-c1sccc1Cl)CC2,9.522878745280337,active
CHEMBL476259,CCCN1CCC(c2ccc(Nc3nc(Nc4cc(F)ccc4C(N)=O)c4cc[nH]c4n3)c(OC)c2)CC1,9.522878745280337,active
CHEMBL3656608,COc1ccc(-c2c3c(nn2C)CCc2cnc(Nc4ccc(N5CCN(C)CC5)cc4OC)nc2-3)c(Cl)c1,9.522878745280337,active
CHEMBL3639555,Cn1cc(Nc2ncc3c(n2)-c2c(nn(C)c2-c2sccc2Cl)CC3)cn1,9.522878745280337,active
CHEMBL3656638,CCn1ccc(Nc2ncc3c(n2)-c2c(nn(C)c2-c2sccc2C)CC3)n1,9.522878745280337,active
CHEMBL3661005,CCOc1cc(N2CCN(C)CC2)ccc1Nc1ncc2c(n1)-c1c(nn(C)c1Cc1ccccc1)CC2,9.508638306165727,active
CHEMBL509032,COc1cc(N2CCC(N3CCN(C)CC3)CC2)ccc1Nc1ncc(Cl)c(Nc2ccccc2S(=O)(=O)C(C)C)n1,9.455931955649724,active
CHEMBL3823256,COc1cc(P(C)(C)=O)ccc1Nc1ncc(Cl)c(Nc2ccccc2S(C)(=O)=O)n1,9.397940008672037,active
CHEMBL3656639,Cn1nc2c(c1-c1sccc1Cl)-c1nc(Nc3ccccc3)ncc1CC2,9.397940008672037,active
CHEMBL3656641,COc1ccc(-c2c3c(nn2C)CCc2cnc(Nc4cnn(C5CCN(C(C)=O)CC5)c4)nc2-3)cc1,9.397940008672037,active
CHEMBL3656609,COc1ccc(-c2c3c(nn2C)CCc2cnc(Nc4ccc(C(=O)NC5CCN(C)CC5)cc4OC)nc2-3)c(Cl)c1,9.397940008672037,active
CHEMBL3660997,COc1cc(C(=O)NC2CCN(C)CC2)ccc1Nc1ncc2c(n1)-c1c(nn(C)c1Cc1ccccc1Cl)CC2,9.397940008672037,active
CHEMBL477069,CCCN1CCCC(c2ccc(Nc3nc(Nc4cc(F)ccc4C(N)=O)c4cc[nH]c4n3)c(OC)c2)C1,9.397940008672037,active
CHEMBL3656640,CN(C)C1CCN(CCn2ccc(Nc3ncc4c(n3)-c3c(nn(C)c3-c3ccccc3)CC4)n2)CC1,9.397940008672037,active
CHEMBL3661004,CCOc1cc(N2CCN(C3CCOCC3)CC2)ccc1Nc1ncc2c(n1)-c1c(nn(C)c1Cc1ccccc1)CC2,9.366531544420413,active
CHEMBL3824326,COc1cc(P(C)(C)=O)ccc1Nc1ncc(Cl)c(Nc2ccccc2C(C)=O)n1,9.327902142064282,active
CHEMBL475073,COc1cc(N2CCN(C(C)C)CC2)ccc1Nc1nc(Nc2cc(F)c(F)cc2C(N)=O)c2cc[nH]c2n1,9.301029995663981,active
CHEMBL3656606,COc1ccc(-c2c3c(nn2C)CCc2cnc(Nc4ccc(OCCN5CCCC5)cc4OC)nc2-3)c(Cl)c1,9.301029995663981,active
CHEMBL3656643,CC(=O)N1CCC(n2cc(Nc3ncc4c(n3)-c3c(nn(C)c3Cc3ccccc3C)CC4)cn2)CC1,9.301029995663981,active
CHEMBL3656642,CN(C)CCn1ccc(Nc2ncc3c(n2)-c2c(nn(C)c2-c2sccc2Cl)CC3)n1,9.301029995663981,active
CHEMBL3661009,COc1cc(N2CCN(C(C)C)CC2)ccc1Nc1ncc2c(n1)-c1c(nn(C)c1Cc1cccc(Cl)c1)CC2,9.301029995663981,active
CHEMBL3660915,COc1cc(C(=O)NC2CCN(CCO)CC2)ccc1Nc1ncc2c(n1)-c1c(nn(C)c1-c1ccccc1Cl)CC2,9.267606240177031,active
CHEMBL3660954,CCOc1cc(C(=O)NC2CN(C)C2)ccc1Nc1ncc2c(n1)-c1c(nn(C)c1Cc1ccccc1)CC2,9.244125144327509,active
CHEMBL514868,CCCN1CCC=C(c2ccc(Nc3nc(Nc4ccccc4C(N)=O)c4cc[nH]c4n3)c(OC)c2)C1,9.221848749616356,active
CHEMBL3656645,COCCn1ccc(Nc2ncc3c(n2)-c2c(nn(C)c2-c2sccc2Cl)CC3)n1,9.221848749616356,active
CHEMBL3656632,Cn1nc2c(c1-c1ccccc1)-c1nc(Nc3ccn(CCN4CCN(CCO)CC4)n3)ncc1CC2,9.221848749616356,active
CHEMBL3656644,CC(=O)N1CCC(n2cc(Nc3ncc4c(n3)-c3c(nn(C)c3-c3sccc3C)CC4)cn2)CC1,9.221848749616356,active
CHEMBL3656647,Cn1nc2c(c1-c1ccccc1)-c1nc(Nc3ccn(CCN4CCNCC4)n3)ncc1CC2,9.221848749616356,active
CHEMBL3656633,COCCN1CCN(CCn2ccc(Nc3ncc4c(n3)-c3c(nn(C)c3-c3ccccc3)CC4)n2)CC1,9.221848749616356,active
CHEMBL3656646,CCn1ccc(Nc2ncc3c(n2)-c2c(nn(C)c2-c2sccc2Cl)CC3)n1,9.221848749616356,active
CHEMBL3037909,CCOc1cc(-c2ccccc2)nc2cc(-c3nc([C@H]4C[C@@](C)(O)C4)n4ccnc(N)c34)ccc12,9.221848749616356,active
CHEMBL3661002,CCOc1cc(N2CCNCC2)ccc1Nc1ncc2c(n1)-c1c(nn(C)c1Cc1ccccc1)CC2,9.200659450546418,active
CHEMBL3652847,COc1cc(N2CCN(C)CC2)ccc1Nc1ncc2c(n1)-c1c(nn(C)c1[C@@H](C)c1ccccc1)CC2,9.161150909262744,active
CHEMBL3037908,COc1cc(-c2ccccc2)nc2cc(-c3nc([C@H]4C[C@@](C)(O)C4)n4ccnc(N)c34)ccc12,9.154901959985743,active
CHEMBL3656648,COCCn1cc(Nc2ncc3c(n2)-c2c(nn(C)c2-c2sccc2Cl)CC3)cn1,9.154901959985743,active
CHEMBL3660913,COc1cc(C(=O)NCCCN(C)C)ccc1Nc1ncc2c(n1)-c1c(nn(C)c1-c1ccccc1Cl)CC2,9.1249387366083,active
CHEMBL3822475,COc1cc(N2CCC(N3CCN(C)CC3)CC2)ccc1Nc1ncc(Cl)c(Nc2ccccc2S(C)(=O)=O)n1,9.119186407719209,active
CHEMBL458865,COc1cc(N2CCN(C(C)C)CC2)ccc1Nc1nc(Nc2ccc(F)cc2C(N)=O)c2cc[nH]c2n1,9.096910013008056,active
CHEMBL3656562,COc1cc(OCCN2CCCC2)ccc1Nc1ncc2c(n1)-c1c(nn(C)c1-c1ccccc1Cl)CC2C,9.096910013008056,active
CHEMBL464971,COc1cc(N2CCN(C(C)C)CC2)ccc1Nc1nc(Nc2cc(F)cc(F)c2C(N)=O)c2cc[nH]c2n1,9.096910013008056,active
CHEMBL476044,CCCN1CCC=C(c2ccc(Nc3nc(Nc4cc(F)ccc4C(N)=O)c4cc[nH]c4n3)c(OC)c2)C1,9.096910013008056,active
CHEMBL459069,COc1cc(N2CCN(C(C)C)CC2)ccc1Nc1nc(Nc2cc(F)ccc2C(N)=O)c2cc[nH]c2n1,9.096910013008056,active
CHEMBL3660980,COc1cc(C(=O)NC2CN(C)C2)ccc1Nc1ncc2c(n1)-c1c(nn(C)c1-c1ccccc1Cl)CC2,9.060480747381382,active
CHEMBL3656578,COc1cc(C(=O)NC2CCN(C)CC2)ccc1Nc1ncc2c(n1)-c1c(nn(C)c1-c1ccccc1Cl)CC2,9.060480747381382,active
CHEMBL3656544,COc1cc(N2CCN(C)CC2)ccc1Nc1ncc2c(n1)-c1c(nn(C)c1-c1ccccc1C)CC2,9.036212172654444,active
CHEMBL3639546,O=C(Nc1cccnc1)[C@@H]1C[C@H](O)CN1c1nc(Nc2cc(C3CC3)n[nH]2)c2cccn2n1,9.0,active
CHEMBL3656542,COc1cc(OCCN2CCCC2)ccc1Nc1ncc2c(n1)-c1c(nn(C)c1-c1ccccc1C)CC2,9.0,active
CHEMBL3660977,COc1cc(C(=O)NCCN(C)C)ccc1Nc1ncc2c(n1)-c1c(nn(C)c1-c1ccccc1Cl)CC2,9.0,active
CHEMBL514828,COc1cc(N2CCN(C(C)C)CC2)ccc1Nc1nc(Nc2ccccc2C(N)=O)c2cc[nH]c2n1,9.0,active
CHEMBL3655756,CC1(c2cc(Nc3nc(N4C[C@@H](O)C[C@H]4C(=O)Nc4ncns4)nn4cccc34)[nH]n2)CC1,9.0,active
CHEMBL3656612,COc1cc(OCCN2CCCC2)ccc1Nc1ncc2c(n1)-c1c(nn(C)c1-c1cccc(C)c1Cl)CC2,9.0,active
CHEMBL3656619,COc1cc(N2CCN(C)CC2)ccc1Nc1ncc2c(n1)-c1c(nn(C)c1-c1ccc(F)cc1Cl)CC2,9.0,active
CHEMBL3660932,COc1cc(C(=O)NC2CC(N3CCN(C)CC3)C2)ccc1Nc1ncc2c(n1)-c1c(nn(C)c1-c1ccccc1Cl)CC2,9.0,active
CHEMBL3656559,COc1cc(N2CCN(C)CC2)ccc1Nc1ncc2c(n1)-c1c(nn(C)c1-c1ccc(C)cc1C)CC2,9.0,active
CHEMBL3660919,COc1cc(C(=O)NC2CC(N3CCCC3)C2)ccc1Nc1ncc2c(n1)-c1c(nn(C)c1-c1ccccc1Cl)CC2,9.0,active
CHEMBL3656649,Cc1ccsc1-c1c2c(nn1C)CCc1cnc(Nc3cnn(C)c3)nc1-2,9.0,active
CHEMBL3652849,COc1cc(N2CCN(C)CC2)ccc1Nc1ncc2c(n1)-c1c(nn(C)c1Cc1ccccc1)CC2,9.0,active
CHEMBL3660934,COc1cc(C(=O)NC2CCN(C(C)(C)C)CC2)ccc1Nc1ncc2c(n1)-c1c(nn(C)c1-c1ccccc1Cl)CC2C,9.0,active
CHEMBL3656623,COc1cc(C(=O)NC2CCN(C)CC2)ccc1Nc1ncc2c(n1)-c1c(nn(C)c1-c1ccccc1Cl)CC2C,9.0,active
CHEMBL3660942,COc1cc(C(=O)NC2CN(C)C2)ccc1Nc1ncc2c(n1)-c1c(nn(C)c1-c1ccccc1Cl)CC2C,9.0,active
CHEMBL3660923,COc1cc(C(=O)N[C@H]2CCCN(C3CCOCC3)C2)ccc1Nc1ncc2c(n1)-c1c(nn(C)c1-c1ccccc1Cl)CC2,9.0,active
CHEMBL3655752,CO[C@H]1C[C@@H](C(=O)Nc2ccc(F)nc2)N(c2nc(Nc3cc(C4CC4)n[nH]3)c3cccn3n2)C1,9.0,active
CHEMBL3661008,COc1cc(N2CCN(C3CCN(C(C)=O)CC3)CC2)ccc1Nc1ncc2c(n1)-c1c(nn(C)c1Cc1cccc(Cl)c1)CC2,9.0,active
CHEMBL3661012,CC(=O)N1CCC(N2CCC(n3cc(Nc4ncc5c(n4)-c4c(nn(C)c4Cc4ccccc4Cl)CC5C)cn3)CC2)CC1,9.0,active
CHEMBL3660914,COc1cc(C(=O)NC2CCN(C3CCOCC3)CC2)ccc1Nc1ncc2c(n1)-c1c(nn(C)c1-c1ccccc1Cl)CC2,9.0,active
CHEMBL3656651,CC(=O)N1CCC(n2cc(Nc3ncc4c(n3)-c3c(nn(C)c3-c3ccccc3)CC4C)cn2)CC1,9.0,active
CHEMBL3656650,CN1CCN(CCn2ccc(Nc3ncc4c(n3)-c3c(nn(C)c3-c3ccccc3)CC4)n2)CC1,9.0,active
CHEMBL3652841,CC1Cc2nn(C)c(-c3ccccc3Cl)c2-c2nc(Nc3ccn(C)n3)ncc21,9.0,active
CHEMBL3660936,CCN1CCC(NC(=O)c2ccc(Nc3ncc4c(n3)-c3c(nn(C)c3-c3ccccc3Cl)CC4C)c(OC)c2)CC1,9.0,active
CHEMBL3660925,COc1cc(C(=O)NCC2CCN(C)CC2)ccc1Nc1ncc2c(n1)-c1c(nn(C)c1-c1ccccc1Cl)CC2,9.0,active
CHEMBL3660937,COCCN1CCC(NC(=O)c2ccc(Nc3ncc4c(n3)-c3c(nn(C)c3-c3ccccc3Cl)CC4C)c(OC)c2)CC1,9.0,active
CHEMBL3656614,COc1cc(N2CCN(C)CC2)ccc1Nc1ncc2c(n1)-c1c(nn(C)c1-c1cccc(C)c1Cl)CC2,9.0,active
CHEMBL3661011,CC1Cc2nn(C)c(Cc3ccccc3Cl)c2-c2nc(Nc3cnn(C4CCN(C5CCOCC5)CC4)c3)ncc21,9.0,active
CHEMBL3656634,COCCn1ccc(Nc2ncc3c(n2)-c2c(nn(C)c2-c2ccccc2)C[C@H]3C)n1,9.0,active
CHEMBL3661013,CC1Cc2nn(C)c(Cc3ccccc3Cl)c2-c2nc(Nc3cnn(C4CCN(CCO)CC4)c3)ncc21,9.0,active
CHEMBL3660939,COc1cc(C(=O)NC2CCN(CCO)CC2)ccc1Nc1ncc2c(n1)-c1c(nn(C)c1-c1ccccc1Cl)CC2C,9.0,active
CHEMBL3652864,COc1ccccc1Cc1c2c(nn1C)CCc1cnc(Nc3ccc(N4CCN(C)CC4)cc3OC)nc1-2,9.0,active
CHEMBL3661007,COc1cc(N2CCN(C3CCOCC3)CC2)ccc1Nc1ncc2c(n1)-c1c(nn(C)c1Cc1cccc(Cl)c1)CC2,9.0,active
CHEMBL3652862,COc1ccccc1Cc1c2c(nn1C)CCc1cnc(Nc3ccc(OCCN4CCCC4)cc3OC)nc1-2,9.0,active
CHEMBL3655750,CO[C@@H]1C[C@@H](C(=O)Nc2ccc(F)nc2)N(c2nc(Nc3cc(C4CC4)n[nH]3)c3cccn3n2)C1,9.0,active
CHEMBL3656652,COCCn1ccc(Nc2ncc3c(n2)-c2c(nn(C)c2Cc2ccccc2C)CC3)n1,9.0,active
CHEMBL3660998,COc1cc(C(=O)NC2CCN(C)CC2)ccc1Nc1ncc2c(n1)-c1c(nn(C)c1-c1sccc1C)CC2,9.0,active
CHEMBL3660922,COc1cc(C(=O)NCC(C)(C)CN(C)C)ccc1Nc1ncc2c(n1)-c1c(nn(C)c1-c1ccccc1Cl)CC2,9.0,active
CHEMBL3660926,COc1cc(C(=O)NC2CCN(C(C)(C)C)CC2)ccc1Nc1ncc2c(n1)-c1c(nn(C)c1-c1ccccc1Cl)CC2,9.0,active
CHEMBL3661010,CCN1CCN(c2ccc(Nc3ncc4c(n3)-c3c(nn(C)c3Cc3cccc(Cl)c3)CC4)c(OC)c2)CC1,9.0,active
CHEMBL3660941,COc1cc(C(=O)NC2CCN(C3CCOCC3)CC2)ccc1Nc1ncc2c(n1)-c1c(nn(C)c1-c1ccccc1Cl)CC2C,9.0,active
CHEMBL463932,COc1cc(N2CCN(C(C)C)CC2)ccc1Nc1nc(Nc2ccc(F)c(F)c2C(N)=O)c2cc[nH]c2n1,8.886056647693163,active
CHEMBL3824301,COc1cc(N2CCC(N3CCN(C)CC3)CC2)ccc1Nc1ncc(Cl)c(Nc2ccccc2C(C)=O)n1,8.876148359032914,active
CHEMBL3824246,COc1cc(N2CCC(N3CCN(C)CC3)CC2)ccc1Nc1ncc(Cl)c(Nc2ccccc2C(N)=O)n1,8.853871964321762,active
CHEMBL476451,CCCN1CCC=C(c2ccc(Nc3nc(Nc4ccccc4C(N)=O)c4cc[nH]c4n3)cc2)C1,8.795880017344075,active
CHEMBL1964272,CCCN1CCC=C(c2ccc(Nc3nc(Nc4ccccc4C(N)=O)c4cc[nH]c4n3)c(F)c2)C1,8.795880017344075,active
CHEMBL514615,COc1cc(N2CCN(C(C)C)CC2)c(Cl)cc1Nc1nc(Nc2cccc(F)c2C(N)=O)c2cc[nH]c2n1,8.795880017344075,active
CHEMBL477950,COc1cc(N2CCOCC2)ccc1Nc1nc(Nc2cc(F)ccc2C(N)=O)c2cc[nH]c2n1,8.795880017344075,active
CHEMBL476059,CCCN1CCN(c2ccc(Nc3nc(Nc4cc(F)ccc4C(N)=O)c4cc[nH]c4n3)c(OC)c2)CC1,8.795880017344075,active
CHEMBL575448,C[C@@]1(C(=O)Nc2ccc(F)nc2)CCCN1c1nc(Nc2cc(C3CC3)n[nH]2)c2cccn2n1,8.744727494896694,active
CHEMBL3824304,COc1cc(P(C)(C)=O)ccc1Nc1ncc(Cl)c(Nc2ccccc2S(=O)(=O)C(C)C)n1,8.721246399047171,active
CHEMBL3822672,COc1cc(N2CCC(N3CCN(C)CC3)CC2)ccc1Nc1ncc(Cl)c(Nc2ccccc2S(=O)(=O)N(C)C)n1,8.714442690992227,active
CHEMBL507625,COc1cc(N2CCN(C(C)C)CC2)ccc1Nc1nc(Nc2cccc(F)c2C(N)=O)c2cc[nH]c2n1,8.698970004336019,active
CHEMBL3652822,Cn1nccc1Nc1ncc2c(n1)-c1c(nn(C)c1-c1ccccc1Cl)CC2,8.698970004336019,active
CHEMBL3661015,CCOc1cc(N2CCN(C(=O)N(C)C)CC2)ccc1Nc1ncc2c(n1)-c1c(nn(C)c1Cc1ccccc1)CC2,8.698970004336019,active
CHEMBL3660921,COc1cc(C(=O)NC2CCC(N(C)C)CC2)ccc1Nc1ncc2c(n1)-c1c(nn(C)c1-c1ccccc1Cl)CC2,8.698970004336019,active
CHEMBL3656621,COc1cc(C(=O)NC2CCN(C)CC2)ccc1Nc1ncc2c(n1)-c1c(nn(C)c1-c1ccc(F)cc1Cl)CC2,8.698970004336019,active
CHEMBL3660953,CN1CCC(NC(=O)c2ccc(Nc3ncc4c(n3)-c3c(nn(C)c3Cc3ccccc3)CC4)c(Cl)c2)CC1,8.698970004336019,active
CHEMBL3655753,CO[C@H]1C[C@@H](C(=O)Nc2ncns2)N(c2nc(Nc3cc(C4CC4)n[nH]3)c3cccn3n2)C1,8.698970004336019,active
CHEMBL3655759,Cc1nnn([C@H]2C[C@@H](C(=O)Nc3ccc(F)nc3)N(c3nc(Nc4cc(C5CC5)n[nH]4)c4cccn4n3)C2)n1,8.698970004336019,active
CHEMBL3660963,COc1cc(C(=O)N[C@@H]2CCN(C3CCOCC3)C2)ccc1Nc1ncc2c(n1)-c1c(nn(C)c1-c1ccccc1Cl)CC2,8.698970004336019,active
CHEMBL3656657,COCCn1ccc(Nc2ncc3c(n2)-c2c(nn(C)c2Cc2ccccc2Cl)CC3)n1,8.698970004336019,active
CHEMBL3660920,COc1cc(C(=O)N[C@@H]2CCN(C3CCN(C)CC3)C2)ccc1Nc1ncc2c(n1)-c1c(nn(C)c1-c1ccccc1Cl)CC2,8.698970004336019,active
CHEMBL3660978,COc1cc(C(=O)N[C@H]2CC[C@H](N3CCN(CC4CC4)CC3)CC2)ccc1Nc1ncc2c(n1)-c1c(nn(C)c1-c1ccccc1Cl)CC2,8.698970004336019,active
CHEMBL3660924,COc1cc(C(=O)NCCN2CCOCC2)ccc1Nc1ncc2c(n1)-c1c(nn(C)c1-c1ccccc1Cl)CC2,8.698970004336019,active
CHEMBL3656658,CN(C)CCn1ccc(Nc2ncc3c(n2)-c2c(nn(C)c2Cc2ccccc2Cl)CC3)n1,8.698970004336019,active
CHEMBL3660935,COc1cc(C(=O)NC2CCN(CC3CC3)CC2)ccc1Nc1ncc2c(n1)-c1c(nn(C)c1-c1ccccc1Cl)CC2C,8.698970004336019,active
CHEMBL3660938,COc1cc(C(=O)N[C@H]2CC[C@H](N3CCOCC3)CC2)ccc1Nc1ncc2c(n1)-c1c(nn(C)c1-c1ccccc1Cl)CC2C,8.698970004336019,active
CHEMBL3656560,COc1cc(C(=O)NC2CCN(C)CC2)ccc1Nc1ncc2c(n1)-c1c(nn(C)c1-c1ccc(C)cc1C)CC2,8.698970004336019,active
CHEMBL3660966,COc1cc(C(=O)NC2CN(C)C2)ccc1Nc1ncc2c(n1)-c1c(nn(C)c1-c1ccccc1)CC2,8.698970004336019,active
CHEMBL575447,C[C@@]1(C(=O)Nc2cnccn2)CCCN1c1nc(Nc2cc(C3CC3)[nH]n2)c2cccn2n1,8.698970004336019,active
CHEMBL3652865,COc1ccccc1Cc1c2c(nn1C)CCc1cnc(Nc3ccc(C(=O)NC4CCN(C)CC4)cc3OC)nc1-2,8.698970004336019,active
CHEMBL3656617,COc1cc(OCCN2CCCC2)ccc1Nc1ncc2c(n1)-c1c(nn(C)c1-c1ccc(F)cc1Cl)CC2,8.698970004336019,active
CHEMBL3655754,CC1(c2cc(Nc3nc(N4C[C@@H](O)C[C@H]4C(=O)Nc4cnccn4)nn4cccc34)[nH]n2)CC1,8.698970004336019,active
CHEMBL3656656,Cn1nc2c(c1-c1ccccc1)-c1nc(Nc3ccn(CCN4CCOCC4)n3)ncc1CC2,8.698970004336019,active
CHEMBL3656659,CC1Cc2nn(C)c(-c3ccccc3)c2-c2nc(Nc3ccn(CCN(C)C)n3)ncc21,8.698970004336019,active
CHEMBL3652820,Cn1nc2c(c1-c1ccccc1Cl)-c1nc(Nc3ccccc3)ncc1CC2,8.698970004336019,active
CHEMBL3656616,COc1cc(C(=O)NC2CCN(C)CC2)ccc1Nc1ncc2c(n1)-c1c(nn(C)c1-c1cccc(C)c1Cl)CC2,8.698970004336019,active
CHEMBL3660918,COCCN1CCC(NC(=O)c2ccc(Nc3ncc4c(n3)-c3c(nn(C)c3-c3ccccc3Cl)CC4)c(OC)c2)CC1,8.698970004336019,active
CHEMBL3656660,CN(C)CCn1ccc(Nc2ncc3c(n2)-c2c(nn(C)c2Cc2cccc4ccccc24)CC3)n1,8.698970004336019,active
CHEMBL3656557,COc1cc(OCCN2CCCC2)ccc1Nc1ncc2c(n1)-c1c(nn(C)c1-c1ccc(C)cc1C)CC2,8.698970004336019,active
CHEMBL3656655,COCCn1cc(Nc2ncc3c(n2)-c2c(nn(C)c2-c2sccc2C)CC3)cn1,8.698970004336019,active
CHEMBL3652848,COc1cc(C(=O)NC2CCN(C)CC2)ccc1Nc1ncc2c(n1)-c1c(nn(C)c1Cc1ccccc1)CC2,8.698970004336019,active
CHEMBL3656653,Cc1ccsc1-c1c2c(nn1C)CCc1cnc(Nc3ccccc3)nc1-2,8.698970004336019,active
CHEMBL3661003,CC1Cc2nn(C)c(Cc3ccccc3Cl)c2-c2nc(Nc3cnn(C4CCNCC4)c3)ncc21,8.698970004336019,active
CHEMBL3660917,COc1cc(C(=O)NC2CCN(C3CC3)CC2)ccc1Nc1ncc2c(n1)-c1c(nn(C)c1-c1ccccc1Cl)CC2,8.698970004336019,active
CHEMBL1091644,C[C@]1(O)C[C@@H](c2nc(-c3ccc4ccc(-c5ccccc5)nc4c3)c3c(N)nccn32)C1,8.698970004336019,active
CHEMBL1667943,Nc1nccn2c1c(-c1ccc3ccc(-c4ccccc4)nc3c1F)nc2[C@H]1CC[C@H](C(=O)Nc2nccs2)CC1,8.698970004336019,active
CHEMBL3660927,COc1cc(C(=O)NCC(=O)N2CCN(C)CC2)ccc1Nc1ncc2c(n1)-c1c(nn(C)c1-c1ccccc1Cl)CC2,8.698970004336019,active
CHEMBL3656545,COc1cc(C(=O)NC2CCN(C)CC2)ccc1Nc1ncc2c(n1)-c1c(nn(C)c1-c1ccccc1C)CC2,8.698970004336019,active
CHEMBL475883,COc1cc(N2CCN(C(C)C)CC2)c(F)cc1Nc1nc(Nc2cccc(F)c2C(N)=O)c2cc[nH]c2n1,8.698970004336019,active
CHEMBL3652829,CCn1ccc(Nc2ncc3c(n2)-c2c(nn(C)c2-c2ccccc2Cl)CC3)n1,8.698970004336019,active
CHEMBL2426277,C=CC(=O)Nc1cc(Nc2ncc(Cl)c(-c3cnn4ccccc34)n2)c(OC)cc1N1CCN(C)CC1,8.698970004336019,active
CHEMBL3655757,O=C(Nc1ncns1)[C@@H]1C[C@@H](F)CN1c1nc(Nc2cc(C3CC3)n[nH]2)c2cccn2n1,8.698970004336019,active
CHEMBL3660933,COc1cc(C(=O)NC2CC(N3CCOCC3)C2)ccc1Nc1ncc2c(n1)-c1c(nn(C)c1-c1ccccc1Cl)CC2,8.698970004336019,active
CHEMBL3652825,COc1cc(N2CCN(C)CC2)ccc1Nc1ncc2c(n1)-c1c(nn(C)c1-c1ccccc1)CC2,8.698970004336019,active
CHEMBL3656654,Cc1ccsc1-c1c2c(nn1C)CCc1cnc(Nc3ccn(CCN(C)C)n3)nc1-2,8.698970004336019,active
CHEMBL475884,COc1cc(N2CCN(C(C)C)CC2)c(C)cc1Nc1nc(Nc2cccc(F)c2C(N)=O)c2cc[nH]c2n1,8.698970004336019,active
CHEMBL3655747,O=C(Nc1cnccn1)[C@@H]1C[C@H](O)CN1c1nc(Nc2cc(C3CC3)n[nH]2)c2cccn2n1,8.698970004336019,active
CHEMBL3660943,COc1cc(C(=O)N[C@@H]2CCC(C3CCOCC3)C2)ccc1Nc1ncc2c(n1)-c1c(nn(C)c1-c1ccccc1Cl)CC2C,8.698970004336019,active
CHEMBL1760036,COc1cc(Nc2nccc(Nc3ccc4ccccc4c3)n2)cc(OC)c1OC,8.657577319177793,active
CHEMBL1738698,COc1cc(Nc2nccc(Nc3cnc4ccccc4c3)n2)ccc1N1CCOCC1,8.619788758288394,active
CHEMBL1760035,COc1cc(Nc2nccc(Nc3cnc4ccccc4c3)n2)cc(OC)c1OC,8.602059991327963,active
CHEMBL3785376,CC(=O)N1CCN([C@H]2C[C@@H](n3cc(-c4cccc(OCC56CCC(CC5)O6)c4F)c4c(N)ncnc43)C2)CC1,8.55284196865778,active
CHEMBL3655761,O=C(Nc1ncns1)[C@@H]1C[C@H](F)CN1c1nc(Nc2cc(C3CC3)n[nH]2)c2cccn2n1,8.522878745280337,active
CHEMBL3656668,CN(C)CCn1ccc(Nc2ncc3c(n2)-c2c(nn(C)c2-c2cccc(Cl)c2)CC3)n1,8.522878745280337,active
CHEMBL3656662,Cn1nc2c(c1-c1ccccc1)-c1nc(Nc3ccn(CCN4CCCC4)n3)ncc1CC2,8.522878745280337,active
CHEMBL3660974,COc1cc(C(=O)NCCCN(C)C)ccc1Nc1ncc2c(n1)-c1c(nn(C)c1-c1ccccc1C)CC2,8.522878745280337,active
CHEMBL3660979,COCCNC(=O)c1ccc(Nc2ncc3c(n2)-c2c(nn(C)c2-c2ccccc2Cl)CC3)c(OC)c1,8.522878745280337,active
CHEMBL3656636,COc1cc(N2CCN(C)CC2)ccc1Nc1ncc2c(n1)-c1c(nn(C)c1-c1ccsc1)CC2,8.522878745280337,active
CHEMBL3652839,CC1Cc2nn(C)c(-c3ccccc3Cl)c2-c2nc(Nc3ccn(C(C)C)n3)ncc21,8.522878745280337,active
CHEMBL3656671,COc1cccc(Cc2c3c(nn2C)CCc2cnc(Nc4cnn(CCN(C)C)c4)nc2-3)c1,8.522878745280337,active
CHEMBL3656667,CCn1ccc(Nc2ncc3c(n2)-c2c(nn(C)c2-c2cccc(Cl)c2)CC3)n1,8.522878745280337,active
CHEMBL4108861,Cc1cc(Nc2ncc3c(n2)-c2c(nn(C)c2-c2ccccc2Cl)CC3C)[n+](C)[nH]1,8.522878745280337,active
CHEMBL3656665,CCn1ccc(Nc2ncc3c(n2)-c2c(nn(C)c2Cc2ccccc2)CC3)n1,8.522878745280337,active
CHEMBL3652816,COc1cc(N2CCN(C(C)=O)CC2)ccc1Nc1ncc2c(n1)-c1c(nn(C)c1-c1ccccc1Cl)CC2,8.522878745280337,active
CHEMBL3655755,O=C(Nc1ncns1)[C@@H]1C[C@H](O)CN1c1nc(Nc2cc(C3CC3)n[nH]2)c2cccn2n1,8.522878745280337,active
CHEMBL3656670,CC(=O)N1CCC(n2cc(Nc3ncc4c(n3)-c3c(nn(C)c3-c3ccc(OC(F)F)cc3)CC4)cn2)CC1,8.522878745280337,active
CHEMBL3656663,COCCN(C)CCn1ccc(Nc2ncc3c(n2)-c2c(nn(C)c2-c2ccccc2)CC3)n1,8.522878745280337,active
CHEMBL3660929,COc1cc(C(=O)NC2CC(N3CCN(CCF)CC3)C2)ccc1Nc1ncc2c(n1)-c1c(nn(C)c1-c1ccccc1Cl)CC2,8.522878745280337,active
CHEMBL3660908,COc1cc(C(=O)NC2CC3CC(C)CC(C2)N3)ccc1Nc1ncc2c(n1)-c1c(nn(C)c1-c1ccccc1)CC2,8.522878745280337,active
CHEMBL3660907,CCN1CCC(NC(=O)c2ccc(Nc3ncc4c(n3)-c3c(nn(C)c3-c3ccccc3)CC4)c(OC)c2)CC1,8.522878745280337,active
CHEMBL3660931,COc1cc(C(=O)NC2CCN(CC3CC3)CC2)ccc1Nc1ncc2c(n1)-c1c(nn(C)c1-c1ccccc1Cl)CC2,8.522878745280337,active
CHEMBL3656664,CC(=O)N1CCC(n2cc(Nc3ncc4c(n3)-c3c(nn(C)c3Cc3ccccc3)CC4)cn2)CC1,8.522878745280337,active
CHEMBL3656661,COCCn1ccc(Nc2ncc3c(n2)-c2c(nn(C)c2-c2sccc2C)CC3)n1,8.522878745280337,active
CHEMBL3660930,COc1cc(C(=O)NC2CCN(Cc3cccnc3)CC2)ccc1Nc1ncc2c(n1)-c1c(nn(C)c1-c1ccccc1Cl)CC2,8.522878745280337,active
CHEMBL3656672,COc1ccc(-c2c3c(nn2C)CCc2cnc(Nc4cnn(C)c4)nc2-3)cc1,8.522878745280337,active
CHEMBL3656666,CN(C)CCn1ccc(Nc2ncc3c(n2)-c2c(nn(C)c2-c2ccccc2)CC3)n1,8.522878745280337,active
CHEMBL3660940,COc1cc(C(=O)N[C@H]2CC[C@H](N3CCN(CC4CC4)CC3)CC2)ccc1Nc1ncc2c(n1)-c1c(nn(C)c1-c1ccccc1Cl)CC2C,8.522878745280337,active
CHEMBL3660962,COc1cc(C(=O)NC2CCN(CC(N)=O)CC2)ccc1Nc1ncc2c(n1)-c1c(nn(C)c1-c1ccccc1Cl)CC2,8.522878745280337,active
CHEMBL3656669,COCCn1ccc(Nc2ncc3c(n2)-c2c(nn(C)c2-c2ccccc2)CC3C)n1,8.522878745280337,active
CHEMBL3660968,COc1cc(C(=O)NCCN(C)C)ccc1Nc1ncc2c(n1)-c1c(nn(C)c1-c1ccccc1C)CC2,8.522878745280337,active
CHEMBL473669,CCCN1CCC=C(c2ccc(Nc3nc(Nc4cc(F)ccc4C(N)=O)c4cc[nH]c4n3)c(OC(C)C)c2)C1,8.494850021680094,active
CHEMBL475286,COc1cc(N2CCN(C(C)C)CC2)c(OC)cc1Nc1nc(Nc2cccc(F)c2C(N)=O)c2cc[nH]c2n1,8.494850021680094,active
CHEMBL3397300,COc1cc(N2CCC(N(C)C)CC2)ccc1Nc1ncc(Cl)c(Nc2ccccc2P(C)(C)=O)n1,8.494850021680094,active
CHEMBL515602,CNC(=O)c1cc(F)ccc1Nc1nc(Nc2ccc(N3CCN(C(C)C)CC3)cc2OC)nc2[nH]ccc12,8.494850021680094,active
CHEMBL1760041,COc1cc(Nc2nccc(Nc3ccc4ncccc4c3)n2)cc(OC)c1OC,8.481486060122112,active
CHEMBL1760058,COc1cc(Nc2nccc(Nc3cnc4ccccc4c3)n2)ccc1OCCCN1CCCCC1,8.42021640338319,active
CHEMBL3660903,COc1cc(C(=O)N[C@H]2CN3CCC2CC3)ccc1Nc1ncc2c(n1)-c1c(nn(C)c1-c1ccccc1)CC2,8.397940008672037,active
CHEMBL3660975,COc1cc(C(=O)NC2CN(C)C2)ccc1Nc1ncc2c(n1)-c1c(nn(C)c1-c1ccccc1C)CC2,8.397940008672037,active
CHEMBL3660959,CN(C)CCNC(=O)c1cc2cccc(Nc3ncc4c(n3)-c3c(nn(C)c3Cc3ccccc3)CC4)c2s1,8.397940008672037,active
CHEMBL3656673,CN(C)CCn1ccc(Nc2ncc3c(n2)-c2c(nn(C)c2Cc2ccccc2)CC3)n1,8.397940008672037,active
CHEMBL3660928,COc1cc(C(=O)NC2CCN(Cc3ccncc3)CC2)ccc1Nc1ncc2c(n1)-c1c(nn(C)c1-c1ccccc1Cl)CC2,8.397940008672037,active
CHEMBL3652840,Cc1cc(Nc2ncc3c(n2)-c2c(nn(C)c2-c2ccccc2Cl)CC3C)nn1C,8.397940008672037,active
CHEMBL577385,C[C@@]1(C(=O)Nc2nccs2)CCCN1c1nc(Nc2cc(C3CC3)n[nH]2)c2cccn2n1,8.397940008672037,active
CHEMBL3656607,COc1ccc(-c2c3c(nn2C)CCc2cnc(Nc4ccccc4)nc2-3)c(Cl)c1,8.397940008672037,active
CHEMBL516816,COc1ccc(N2CCN(C(C)C)CC2)cc1Nc1nc(Nc2cccc(F)c2C(N)=O)c2cc[nH]c2n1,8.397940008672037,active
CHEMBL3652850,COc1cc(N2CCN(C)CC2)ccc1Nc1ncc2c(n1)-c1c(nn(C)c1C(C)c1ccccc1)CC2,8.397940008672037,active
CHEMBL3660990,COc1cc(C(=O)N[C@@H]2CN3CCC2CC3)ccc1Nc1ncc2c(n1)-c1c(nn(C)c1-c1ccccc1)CC2,8.397940008672037,active
CHEMBL564255,CN(C)CCNC(=O)c1ccc(-c2cnc3[nH]cc(-c4cccc(NC(=O)Nc5ccccc5Oc5ccccc5)c4)c3c2)cc1,8.397940008672037,active
CHEMBL3652815,CCOc1cc(N2CCN(C(C)=O)CC2)ccc1Nc1ncc2c(n1)-c1c(nn(C)c1Cc1ccccc1)CC2,8.397940008672037,active
CHEMBL1667947,Nc1ccccc1NC(=O)[C@H]1CC[C@H](c2nc(-c3ccc4ccc(-c5ccccc5)nc4c3F)c3c(N)nccn32)CC1,8.397940008672037,active
CHEMBL3656676,COCCn1cc(Nc2ncc3c(n2)-c2c(nn(C)c2Cc2ccccc2C)CC3)cn1,8.397940008672037,active
CHEMBL3660972,COc1cc(C(=O)NC2CCN(C3CCOCC3)CC2)ccc1Nc1ncc2c(n1)-c1c(nn(C)c1-c1ccccc1C)CC2,8.397940008672037,active
CHEMBL3656677,Cc1cccc(Cc2c3c(nn2C)CCc2cnc(Nc4ccn(CCN(C)C)n4)nc2-3)c1,8.397940008672037,active
CHEMBL3656675,COCCn1ccc(Nc2ncc3c(n2)-c2c(nn(C)c2Cc2cccc(OC(F)F)c2)CC3)n1,8.397940008672037,active
CHEMBL2426288,COc1ccc(NC(=O)/C=C/CN(C)C)cc1Nc1ncc(Cl)c(-c2cnn3ccccc23)n1,8.397940008672037,active
CHEMBL3656674,Cn1cc(Nc2ncc3c(n2)-c2c(nn(C)c2-c2ccccc2)CC3)cn1,8.397940008672037,active
CHEMBL542008,CN(C)CCNC(=O)c1cccc(-c2cnc3[nH]cc(-c4cccc(NC(=O)Nc5ccccc5Oc5ccccc5)c4)c3c2)c1,8.397940008672037,active
CHEMBL473254,COc1c(Nc2nc(Nc3cccc(F)c3C(N)=O)c3cc[nH]c3n2)ccc(N2CCN(C(C)C)CC2)c1F,8.397940008672037,active
CHEMBL3660905,COc1cc(C(=O)NCCCN(C)C)ccc1Nc1ncc2c(n1)-c1c(nn(C)c1-c1ccccc1)CC2,8.397940008672037,active
CHEMBL3656678,CC(=O)N1CCC(n2cc(Nc3ncc4c(n3)-c3c(nn(C)c3Cc3cccc(C)c3)CC4)cn2)CC1,8.397940008672037,active
CHEMBL3660969,COc1cc(C(=O)NC2CCN(CCO)CC2)ccc1Nc1ncc2c(n1)-c1c(nn(C)c1-c1ccccc1C)CC2,8.397940008672037,active
CHEMBL3656624,COc1cc(C(=O)NC2CCN(C)CC2)ccc1Nc1ncc2c(n1)-c1c(nn(C)c1C(C)C)CC2,8.397940008672037,active
CHEMBL3037912,COc1cc(-c2ccccc2)nc2c(F)c(-c3nc([C@H]4C[C@@](C)(O)C4)n4ccnc(N)c34)ccc12,8.397940008672037,active
CHEMBL1256435,CN1CCN([C@H]2CC[C@H](n3nc(-c4ccc(Nc5nc6cccc(Cl)c6o5)cc4Cl)c4c(N)ncnc43)CC2)CC1,8.389978975335854,active
CHEMBL3787360,Nc1ncnc2c1c(-c1cccc(OCC34CCC(CC3)O4)c1F)cn2[C@H]1C[C@@H](CN2CC[S+]([O-])CC2)C1,8.366531544420413,active
CHEMBL3656686,CN(C)CCn1ccc(Nc2ncc3c(n2)-c2c(nn(C)c2-c2ccc(OC(F)F)cc2)CC3)n1,8.301029995663981,active
CHEMBL3660909,COCCN1CCC(NC(=O)c2ccc(Nc3ncc4c(n3)-c3c(nn(C)c3-c3ccccc3)CC4)c(OC)c2)CC1,8.301029995663981,active
CHEMBL3656690,CN(C)CCn1ccc(Nc2ncc3c(n2)-c2c(nn(C)c2Cc2cccc(Cl)c2)CC3)n1,8.301029995663981,active
CHEMBL3037913,CCOc1cc(-c2ccccc2)nc2c(F)c(-c3nc([C@H]4C[C@@](C)(O)C4)n4ccnc(N)c34)ccc12,8.301029995663981,active
CHEMBL3655749,O=C(Nc1nccs1)[C@@H]1C[C@@H](O)CN1c1nc(Nc2cc(C3CC3)n[nH]2)c2cccn2n1,8.301029995663981,active
CHEMBL3661018,Cc1ccccc1-c1c2c(nn1C)CCc1cnc(Nc3ccc(OC4CCN(C)CC4)cc3Cl)nc1-2,8.301029995663981,active
CHEMBL3656688,CCn1ccc(Nc2ncc3c(n2)-c2c(nn(C)c2Cc2cccc(C)c2)CC3)n1,8.301029995663981,active
CHEMBL1667941,Nc1nccn2c1c(-c1ccc3ccc(-c4ccccc4)nc3c1F)nc2[C@H]1CC[C@H](C(=O)Nc2nncs2)CC1,8.301029995663981,active
CHEMBL3656679,COc1cc(OCCN2CCCC2)ccc1Nc1ncc2c(n1)-c1c(nn(C)c1-c1ccsc1)CC2,8.301029995663981,active
CHEMBL3652828,CC1Cc2nn(C)c(-c3ccccc3Cl)c2-c2nc(Nc3ccccc3)ncc21,8.301029995663981,active
CHEMBL3822644,Cc1nn(C2CCN(C(=O)[C@@H](C)N)CC2)c(C)c1Nc1ncc(Cl)c(-c2cnn3ccccc23)n1,8.301029995663981,active
CHEMBL1667942,Nc1nccn2c1c(-c1ccc3ccc(-c4ccccc4)nc3c1F)nc2[C@H]1CC[C@H](C(=O)Nc2ccn[nH]2)CC1,8.301029995663981,active
CHEMBL3656683,CC(C)n1ccc(Nc2ncc3c(n2)-c2c(nn(C)c2Cc2ccccc2Cl)CC3)n1,8.301029995663981,active
CHEMBL505983,COc1cc(N2CCN(C(C)C)CC2)ccc1Nc1nc(Nc2ccc(F)cc2C(=O)NCCO)c2cc[nH]c2n1,8.301029995663981,active
CHEMBL3660971,COCCN1CCC(NC(=O)c2ccc(Nc3ncc4c(n3)-c3c(nn(C)c3-c3ccccc3C)CC4)c(OC)c2)CC1,8.301029995663981,active
CHEMBL3660955,CCOc1cc(C(=O)NC2CCN(C3CC3)CC2)ccc1Nc1ncc2c(n1)-c1c(nn(C)c1Cc1ccccc1)CC2,8.301029995663981,active
CHEMBL513897,CCCN1CCC=C(c2ccc(Nc3nc(Nc4ccccc4C(N)=O)c4cc[nH]c4n3)c(C)c2)C1,8.301029995663981,active
CHEMBL475074,CNC(=O)c1c(F)cccc1Nc1nc(Nc2ccc(N3CCN(C(C)C)CC3)cc2OC)nc2[nH]ccc12,8.301029995663981,active
CHEMBL3652823,COc1cc(OCCN2CCCC2)ccc1Nc1ncc2c(n1)-c1c(nn(C)c1-c1ccccc1)CC2,8.301029995663981,active
CHEMBL3656689,COCCn1ccc(Nc2ncc3c(n2)-c2c(nn(C)c2Cc2cccc(C)c2)CC3)n1,8.301029995663981,active
CHEMBL3656681,COc1cccc(Cc2c3c(nn2C)CCc2cnc(Nc4ccn(C)n4)nc2-3)c1,8.301029995663981,active
CHEMBL3660952,CCOc1cc(C(=O)NC2CCN(C)CC2)ccc1Nc1ncc2c(n1)-c1c(nn(C)c1Cc1ccccc1)CC2,8.301029995663981,active
CHEMBL3655751,CC(C)N1CCCC(NC(=O)C2C[C@H](O)CN2c2nc(Nc3cn(C(C)C)cn3)c3cccn3n2)C1,8.301029995663981,active
CHEMBL3655758,CC1(c2cc(Nc3nc(N4C[C@H](F)C[C@H]4C(=O)Nc4ncns4)nn4cccc34)[nH]n2)CC1,8.301029995663981,active
CHEMBL3656687,Cn1nc2c(c1Cc1ccccc1Cl)-c1nc(Nc3ccn(Cc4ccncc4)n3)ncc1CC2,8.301029995663981,active
CHEMBL3661000,COc1cc(C(=O)NC2CCN(C)CC2)ccc1Nc1ncc2c(n1)-c1c(nn(C)c1Cc1c(Cl)cccc1Cl)CC2,8.301029995663981,active
CHEMBL3656538,COc1ccc(Cc2c3c(nn2C)CCc2cnc(Nc4ccc(N5CCN(C)CC5)cc4OC)nc2-3)cc1,8.301029995663981,active
CHEMBL3660911,COc1cc(C(=O)NC2CCN(C3CC3)CC2)ccc1Nc1ncc2c(n1)-c1c(nn(C)c1-c1ccccc1)CC2,8.301029995663981,active
CHEMBL3660910,COc1cc(C(=O)NC2CCN(CCO)CC2)ccc1Nc1ncc2c(n1)-c1c(nn(C)c1-c1ccccc1)CC2,8.301029995663981,active
CHEMBL1667945,Nc1nccn2c1c(-c1ccc3ccc(-c4ccccc4)nc3c1F)nc2[C@H]1CC[C@H](C(=O)Nc2ccccn2)CC1,8.301029995663981,active
CHEMBL3660999,COc1cc(C(=O)NC2CCN(C)CC2)ccc1Nc1ncc2c(n1)-c1c(nn(C)c1C(C)C)CC2C,8.301029995663981,active
CHEMBL3656684,COc1ccccc1Cc1c2c(nn1C)CCc1cnc(Nc3ccn(CCN(C)C)n3)nc1-2,8.301029995663981,active
CHEMBL3656685,CCn1ccc(Nc2ncc3c(n2)-c2c(nn(C)c2-c2ccccc2)CC3C)n1,8.301029995663981,active
CHEMBL3656680,COc1cc(OCCN2CCCC2)ccc1Nc1ncc2c(n1)-c1c(nn(C)c1C(C)C)CC2C,8.301029995663981,active
CHEMBL1667939,CNC(=O)[C@H]1CC[C@H](c2nc(-c3ccc4ccc(-c5ccccc5)nc4c3F)c3c(N)nccn32)CC1,8.301029995663981,active
CHEMBL3656682,COCCn1ccc(Nc2ncc3c(n2)-c2c(nn(C)c2Cc2ccccc2)CC3)n1,8.301029995663981,active
CHEMBL1760040,COc1cc(Nc2nccc(Nc3cc4ccccc4cn3)n2)cc(OC)c1OC,8.2839966563652,active
CHEMBL3656702,Cn1cc(Nc2ncc3c(n2)-c2c(nn(C)c2-c2ccc(Cl)cc2)CC3)cn1,8.221848749616356,active
CHEMBL3660967,COc1cc(C(=O)N[C@H]2CC[C@H](N3CCOCC3)CC2)ccc1Nc1ncc2c(n1)-c1c(nn(C)c1-c1ccccc1C)CC2,8.221848749616356,active
CHEMBL3660982,CN(C)CCCNC(=O)c1ccc(Nc2ncc3c(n2)-c2c(nn(C)c2-c2ccccc2Cl)CC3)c(Cl)c1,8.221848749616356,active
CHEMBL3656700,CN(C)CCn1cc(Nc2ncc3c(n2)-c2c(nn(C)c2-c2ccc(OC(F)F)cc2)CC3)cn1,8.221848749616356,active
CHEMBL3823154,Cc1nn(C2CCN(C(=O)CN)CC2)c(C)c1Nc1ncc(Cl)c(-c2cnn3ccccc23)n1,8.221848749616356,active
CHEMBL3656697,CC(=O)N1CCC(n2cc(Nc3ncc4c(n3)-c3c(nn(C)c3-c3cccc(C)c3)CC4)cn2)CC1,8.221848749616356,active
CHEMBL3660964,COc1cc(C(=O)NC2CCN(Cc3ccccc3)CC2)ccc1Nc1ncc2c(n1)-c1c(nn(C)c1-c1ccccc1Cl)CC2,8.221848749616356,active
CHEMBL3660960,Cc1cc(C(=O)NC2CCN(C)CC2)ccc1Nc1ncc2c(n1)-c1c(nn(C)c1-c1ccccc1C)CC2,8.221848749616356,active
CHEMBL1667948,Nc1nccn2c1c(-c1ccc3ccc(-c4ccccc4)nc3c1F)nc2[C@H]1CC[C@H](C(=O)Nc2nc3ccccc3[nH]2)CC1,8.221848749616356,active
CHEMBL3822989,CC(=O)N1CCC(n2cc(Nc3ncc(Cl)c(-c4cnn5ccccc45)n3)c(C)n2)CC1,8.221848749616356,active
CHEMBL3656695,COc1ccccc1Cc1c2c(nn1C)CCc1cnc(Nc3cnn(C4CCN(C(C)=O)CC4)c3)nc1-2,8.221848749616356,active
CHEMBL3656692,COCCn1cc(Nc2ncc3c(n2)-c2c(nn(C)c2Cc2ccccc2)CC3)cn1,8.221848749616356,active
CHEMBL3656696,CC(=O)N1CCC(n2cc(Nc3ncc4c(n3)-c3c(nn(C)c3-c3cccc(Cl)c3)CC4)cn2)CC1,8.221848749616356,active
CHEMBL3660983,Cc1ccccc1-c1c2c(nn1C)CCc1cnc(Nc3ccc(C(=O)NCCN(C)C)cc3Cl)nc1-2,8.221848749616356,active
CHEMBL3656694,COCCn1ccc(Nc2ncc3c(n2)-c2c(nn(C)c2-c2ccccc2)CC3)n1,8.221848749616356,active
CHEMBL3660946,COc1cc(C(=O)NC2CCN(C)CC2)c(F)cc1Nc1ncc2c(n1)-c1c(nn(C)c1C(C)C)CC2,8.221848749616356,active
CHEMBL3656699,COc1ccc(-c2c3c(nn2C)CCc2cnc(Nc4ccn(C)n4)nc2-3)cc1,8.221848749616356,active
CHEMBL3656575,Cc1cc(Nc2ncc3c(n2)-c2c(nn(C)c2-c2ccccc2Cl)CC3)nn1C,8.221848749616356,active
CHEMBL3656691,CN(C)CCn1cc(Nc2ncc3c(n2)-c2c(nn(C)c2Cc2ccccc2)CC3)cn1,8.221848749616356,active
CHEMBL1667940,Nc1nccn2c1c(-c1ccc3ccc(-c4ccccc4)nc3c1F)nc2[C@H]1CC[C@H](C(N)=O)CC1,8.221848749616356,active
CHEMBL3353404,C=CC(=O)Nc1cc(Nc2ncc(Cl)c(-c3cnn4ccccc34)n2)c(OC)cc1N(C)CCN(C)C,8.221848749616356,active
CHEMBL3822976,CNCC(=O)N1CCC(n2nc(C)c(Nc3ncc(Cl)c(-c4cnn5ccccc45)n3)c2C)CC1,8.221848749616356,active
CHEMBL3656693,CC(C)n1ccc(Nc2ncc3c(n2)-c2c(nn(C)c2Cc2ccccc2)CC3)n1,8.221848749616356,active
CHEMBL3656698,CN(C)CCn1ccc(Nc2ncc3c(n2)-c2c(nn(C)c2-c2ccc(F)cc2)CC3)n1,8.221848749616356,active
CHEMBL3656701,CCn1ccc(Nc2ncc3c(n2)-c2c(nn(C)c2-c2ccc(OC(F)F)cc2)CC3)n1,8.221848749616356,active
CHEMBL3823016,COc1cc(N2CCC(N3CCN(C)CC3)CC2)ccc1Nc1ncc(Cl)c(Nc2ccccc2C(=O)N(C)C)n1,8.209714835966759,active
CHEMBL3822664,COc1cc(N2CCC(N3CCN(C)CC3)CC2)ccc1Nc1ncc(Cl)c(Nc2ccccc2I)n1,8.207608310501746,active
CHEMBL475482,COc1cc(N2CCN(C(C)C)CC2)ccc1Nc1nc(Nc2ccc(F)cc2C(=O)NO)c2cc[nH]c2n1,8.200659450546418,active
CHEMBL3353403,C=CC(=O)Nc1cc(Nc2ncc(Cl)c(-c3cnn4ccccc34)n2)c(OC)cc1N1CC[C@@H](N(C)C)C1,8.154901959985743,active
CHEMBL1762178,CC(=O)Nc1cc(CN2C(=O)N(c3ccc(SC(F)(F)F)cc3)C(=O)C2(C)C)ccn1,8.154901959985743,active
CHEMBL3655739,C[C@@]1(C(=O)Nc2ccncn2)CCCN1c1nc(Nc2cc(C3CC3)[nH]n2)c2cccn2n1,8.154901959985743,active
CHEMBL3660988,Cc1ccccc1-c1c2c(nn1C)CCc1cnc(Nc3ccc(C(=O)NC4CN(C)C4)cc3Cl)nc1-2,8.154901959985743,active
CHEMBL3660902,COc1cc(C(=O)NCCN(C)C)ccc1Nc1ncc2c(n1)-c1c(nn(C)c1-c1ccccc1)CC2,8.154901959985743,active
CHEMBL3656703,Cc1cccc(Cc2c3c(nn2C)CCc2cnc(Nc4cnn(C)c4)nc2-3)c1,8.154901959985743,active
CHEMBL3660981,Cc1ccccc1-c1c2c(nn1C)CCc1cnc(Nc3ccc(C(=O)NC4CCN(C)CC4)cc3Cl)nc1-2,8.154901959985743,active
CHEMBL3656593,COc1cc(N2CCN(C)CC2)ccc1Nc1ncc2c(n1)-c1c(nn(C)c1C1CCC1)CC2,8.154901959985743,active
CHEMBL3661021,Cc1ccccc1-c1c2c(nn1C)CCc1cnc(Nc3ccc(OCCCN4CCCC4)cc3Cl)nc1-2,8.154901959985743,active
CHEMBL3661019,Cc1ccccc1-c1c2c(nn1C)CCc1cnc(Nc3ccc(OCCN(C)C)cc3Cl)nc1-2,8.154901959985743,active
CHEMBL3660949,COc1cc(C(=O)NC2CCN(C)CC2)c(Cl)cc1Nc1ncc2c(n1)-c1c(nn(C)c1C(C)C)CC2,8.154901959985743,active
CHEMBL3656543,Cc1ccccc1-c1c2c(nn1C)CCc1cnc(Nc3ccccc3)nc1-2,8.154901959985743,active
CHEMBL3786100,Nc1ncnc2c1c(-c1cc(OCC34CCC(CC3)O4)ccc1F)cn2[C@H]1C[C@@H](CN2CC[S+]([O-])CC2)C1,8.136677139879543,active
CHEMBL1256432,CN1CCN([C@H]2CC[C@H](n3nc(-c4ccc(Nc5nc6cccc(Cl)c6o5)c(F)c4)c4c(N)ncnc43)CC2)CC1,8.1249387366083,active
CHEMBL3787271,CC(=O)N1CCN([C@H]2C[C@@H](n3cc(-c4cc(OCC56CCC(CC5)O6)ccc4F)c4c(N)ncnc43)C2)CC1,8.10790539730952,active
CHEMBL3661020,Cc1ccccc1-c1c2c(nn1C)CCc1cnc(Nc3ccc(OCC(C)(C)N(C)C)cc3Cl)nc1-2,8.096910013008056,active
CHEMBL3656708,COCCn1ccc(Nc2ncc3c(n2)-c2c(nn(C)c2Cc2cccc(Cl)c2)CC3)n1,8.096910013008056,active
CHEMBL2403108,Cc1cc(Nc2ncc(Cl)c(Nc3ccccc3S(=O)(=O)C(C)C)n2)c(OC(C)C)cc1C1CCNCC1,8.096910013008056,active
CHEMBL3656707,CCn1ccc(Nc2ncc3c(n2)-c2c(nn(C)c2Cc2cccc(Cl)c2)CC3)n1,8.096910013008056,active
CHEMBL3656704,COCCn1cc(Nc2ncc3c(n2)-c2c(nn(C)c2Cc2ccccc2Cl)CC3)cn1,8.096910013008056,active
CHEMBL3656706,CN(C)CCn1cc(Nc2ncc3c(n2)-c2c(nn(C)c2-c2ccc(Cl)cc2)CC3)cn1,8.096910013008056,active
CHEMBL1667936,Nc1nccn2c1c(-c1ccc3ccc(-c4ccccc4)nc3c1F)nc2[C@H]1CC[C@H](CO)CC1,8.096910013008056,active
CHEMBL3037915,C[C@]1(O)C[C@@H](c2nc(-c3ccc4c(Oc5ccccc5)cc(-c5ccccc5)nc4c3F)c3c(N)nccn32)C1,8.096910013008056,active
CHEMBL3824103,Cc1nn(C2CCN(C(=O)[C@H](C)N)CC2)c(C)c1Nc1ncc(Cl)c(-c2cnn3ccccc23)n1,8.096910013008056,active
CHEMBL3660947,COc1cc(C(=O)NC2CCN(C)CC2)c(C)cc1Nc1ncc2c(n1)-c1c(nn(C)c1C(C)C)CC2,8.096910013008056,active
CHEMBL3660950,COCCN1CCC(NC(=O)c2cc(OC)c(Nc3ncc4c(n3)-c3c(nn(C)c3C(C)C)CC4)cc2Cl)CC1,8.096910013008056,active
CHEMBL515909,COc1c(Nc2nc(Nc3cccc(F)c3C(N)=O)c3cc[nH]c3n2)ccc(N2CCN(C(C)C)CC2)c1C,8.096910013008056,active
CHEMBL1688361,Nc1ncnn2c1c(-c1ccc3ccc(-c4ccccc4)nc3c1F)nc2[C@H]1C[C@@H](N2CCN(C=O)CC2)C1,8.096910013008056,active
CHEMBL3660976,COc1cc(C(=O)NC2CCN(C3CC3)CC2)ccc1Nc1ncc2c(n1)-c1c(nn(C)c1-c1ccccc1C)CC2,8.096910013008056,active
CHEMBL3656628,COc1cc(C(=O)NC2CCN(C)CC2)ccc1Nc1ncc2c(n1)-c1c(nn(C)c1C(C)(C)C)CC2,8.096910013008056,active
CHEMBL3656709,CC(=O)N1CCC(n2cc(Nc3ncc4c(n3)-c3c(nn(C)c3Cc3cccc(Cl)c3)CC4)cn2)CC1,8.096910013008056,active
CHEMBL3661001,COc1cc(C(=O)NC2CCN(C)CC2)ccc1Nc1ncc2c(n1)-c1c(nn(C)c1-c1ccsc1)CC2,8.096910013008056,active
CHEMBL3656705,COCCn1ccc(Nc2ncc3c(n2)-c2c(nn(C)c2Cc2ccccc2OC)CC3)n1,8.096910013008056,active
CHEMBL3823301,CC(=O)N1CCC(n2ncc(Nc3ncc(Cl)c(-c4cnn5ccccc45)n3)c2C)CC1,8.096910013008056,active
CHEMBL3660904,COc1cc(C(=O)NCCN2CCCC2)ccc1Nc1ncc2c(n1)-c1c(nn(C)c1-c1ccccc1)CC2,8.096910013008056,active
CHEMBL1667946,Nc1nccn2c1c(-c1ccc3ccc(-c4ccccc4)nc3c1F)nc2[C@H]1CC[C@H](C(=O)Nc2ccncn2)CC1,8.096910013008056,active
CHEMBL3823190,COc1cc(C2CCN(C)CC2)ccc1Nc1ncc(Cl)c(Nc2ccccc2P(C)(C)=O)n1,8.086186147616283,active
CHEMBL3823045,COc1cc(N2CCC(N3CCN(C)CC3)CC2)ccc1Nc1ncc(Cl)c(Nc2ccccc2OC)n1,8.060480747381382,active
CHEMBL3660912,COc1cc(C(=O)NC2CCN(C3CCOCC3)CC2)ccc1Nc1ncc2c(n1)-c1c(nn(C)c1-c1ccccc1)CC2,8.045757490560675,active
CHEMBL3786567,CC1(C)CC[C@@H](COc2cccc(-c3cn([C@H]4C[C@@H](CN5CCC5)C4)c4ncnc(N)c34)c2)O1,8.045757490560675,active
CHEMBL3037921,CCOc1cc(-c2ccccc2)nc2c(F)c(-c3nc([C@H]4C[C@@H](N5CCN(C)CC5)C4)n4ccnc(N)c34)ccc12,8.045757490560675,active
CHEMBL3656536,COc1ccc(Cc2c3c(nn2C)CCc2cnc(Nc4ccc(OCCN5CCCC5)cc4OC)nc2-3)cc1,8.045757490560675,active
CHEMBL3824323,Cc1nn(C2CCN(CCO)CC2)c(C)c1Nc1ncc(Cl)c(-c2cnn3ccccc23)n1,8.045757490560675,active
CHEMBL3037920,COc1cc(-c2ccccc2)nc2c(F)c(-c3nc([C@H]4C[C@@H](N5CCN(C)CC5)C4)n4ccnc(N)c34)ccc12,8.045757490560675,active
CHEMBL3822943,CCOc1nn(C2CCN(C(C)=O)CC2)cc1Nc1ncc(Cl)c(-c2cnn3ccccc23)n1,8.045757490560675,active
CHEMBL3656711,COCCn1ccc(Nc2ncc3c(n2)-c2c(nn(C)c2-c2ccc(F)cc2)CC3)n1,8.045757490560675,active
CHEMBL1809194,COc1cc(N2CCN(C(C)=O)CC2)ccc1Nc1ncc(Br)c(-c2cnc3ccccn23)n1,8.045757490560675,active
CHEMBL3656710,Cc1cccc(-c2c3c(nn2C)CCc2cnc(Nc4ccn(CCN(C)C)n4)nc2-3)c1,8.045757490560675,active
CHEMBL3652845,COc1cc(C(=O)NC2CCN(C)CC2)ccc1Nc1ncc2c(n1)-c1c(nn(C)c1C1CCCCC1)CC2,8.045757490560675,active
CHEMBL3660989,COc1cc(C(=O)N[C@H]2CC[C@H](N3CCOCC3)CC2)ccc1Nc1ncc2c(n1)-c1c(nn(C)c1-c1ccccc1)CC2,8.045757490560675,active
CHEMBL3823095,Cc1nn(C2CCN(CC(=O)N(C)C)CC2)c(C)c1Nc1ncc(Cl)c(-c2cnn3ccccc23)n1,8.045757490560675,active
CHEMBL3787636,CC(=O)N1CCN([C@H]2C[C@@H](n3cc(-c4cccc(OCC56CCC(CC5)O6)c4)c4c(N)ncnc43)C2)CC1,8.0268721464003,active
CHEMBL2443026,CN(C)c1ccc(Oc2cc(O)cc(O)c2-c2cc(C(=O)NC3CCN(C4CCC5(CC4)OCCO5)CC3)no2)cc1,8.0,active
CHEMBL3656716,CN(C)CCn1ccc(Nc2ncc3c(n2)-c2c(nn(C)c2Cc2cccc(C(F)(F)F)c2)CC3)n1,8.0,active
CHEMBL3660987,Cc1ccccc1-c1c2c(nn1C)CCc1cnc(Nc3ccc(C(=O)NC4CCN(CCO)CC4)cc3Cl)nc1-2,8.0,active
CHEMBL3823297,COc1cc(N2CCN(C(C)=O)CC2)ccc1Nc1ncc(Cl)c(-c2cnn3ccccc23)n1,8.0,active
CHEMBL3656717,CN(C)CCn1ccc(Nc2ncc3c(n2)-c2c(nn(C)c2Cc2ccc4ccccc4c2)CC3)n1,8.0,active
CHEMBL3656712,CCn1ccc(Nc2ncc3c(n2)-c2c(nn(C)c2Cc2ccccc2OC)CC3)n1,8.0,active
CHEMBL3656713,COCCn1ccc(Nc2ncc3c(n2)-c2c(nn(C)c2-c2ccc(OC)cc2)CC3)n1,8.0,active
CHEMBL3660986,COCCN1CCC(NC(=O)c2ccc(Nc3ncc4c(n3)-c3c(nn(C)c3-c3ccccc3C)CC4)c(Cl)c2)CC1,8.0,active
CHEMBL2443044,CN1CCC(NC(=O)c2cc(-c3c(O)cc(O)cc3Oc3ccc([N+](=O)[O-])cc3)on2)CC1,8.0,active
CHEMBL3656715,Cc1cccc(Cc2c3c(nn2C)CCc2cnc(Nc4ccn(C)n4)nc2-3)c1,8.0,active
CHEMBL3660970,COc1cc(C(=O)N[C@H]2CC[C@H](N3CCN(CC4CC4)CC3)CC2)ccc1Nc1ncc2c(n1)-c1c(nn(C)c1-c1ccccc1C)CC2,8.0,active
CHEMBL2443138,CN1CCC(NC(=O)c2cc(-c3c(O)cc(O)cc3Oc3ccc(N(C)C)cc3)on2)CC1,8.0,active
CHEMBL3660896,COCCNC(=O)c1ccc(Nc2ncc3c(n2)-c2c(nn(C)c2-c2ccccc2)CC3)c(OC)c1,8.0,active
CHEMBL2443139,CC(C)Nc1ccc(Oc2cc(O)cc(O)c2-c2cc(C(=O)NC3CCN(C)CC3)no2)cc1,8.0,active
CHEMBL3037914,CC(C)Oc1cc(-c2ccccc2)nc2c(F)c(-c3nc([C@H]4C[C@@](C)(O)C4)n4ccnc(N)c34)ccc12,8.0,active
CHEMBL3656714,COc1ccc(-c2c3c(nn2C)CCc2cnc(Nc4ccn(CC(=O)N(C)C)n4)nc2-3)cc1,8.0,active
CHEMBL3409721,c1c(Nc2nc(N3CCCCCC3)nc3c2CCC3)n[nH]c1C1CC1,8.0,active
CHEMBL4096340,CC(C)(Oc1cccc(-c2cn([C@H]3C[C@@H](CN4CCC4)C3)c3ncnc(N)c23)c1)[C@@H]1CCCO1,8.0,active
CHEMBL3037910,CC(C)Oc1cc(-c2ccccc2)nc2cc(-c3nc([C@H]4C[C@@](C)(O)C4)n4ccnc(N)c34)ccc12,8.0,active
CHEMBL3822947,Cc1nn(C2CCN(C(=O)[C@H](C)O)CC2)c(C)c1Nc1ncc(Cl)c(-c2cnn3ccccc23)n1,8.0,active
CHEMBL3656570,CCn1nccc1Nc1ncc2c(n1)-c1c(nn(C)c1-c1ccccc1Cl)CC2,7.958607314841775,active
CHEMBL3652844,COc1cc(C(=O)NC2CCN(C)CC2)ccc1Nc1ncc2c(n1)-c1c(nn(C)c1C1CCCC1)CC2,7.958607314841775,active
CHEMBL3656554,COc1cc(N2CCN(C)CC2)ccc1Nc1ncc2c(n1)-c1c(nn(C)c1-c1cc(C)ccc1Cl)CC2,7.958607314841775,active
CHEMBL3787567,Nc1ncnc2c1c(-c1cccc(OCC34CCC(CC3)O4)c1)cn2[C@H]1C[C@@H](CO)C1,7.958607314841775,active
CHEMBL3660985,Cc1ccccc1-c1c2c(nn1C)CCc1cnc(Nc3ccc(C(=O)NC4CCN(C5CCOCC5)CC4)cc3Cl)nc1-2,7.958607314841775,active
CHEMBL3660906,COc1cc(C(=O)N[C@H]2CC[C@H](N3CCN(CC4CC4)CC3)CC2)ccc1Nc1ncc2c(n1)-c1c(nn(C)c1-c1ccccc1)CC2,7.958607314841775,active
CHEMBL3652857,Cn1nccc1Nc1ncc2c(n1)-c1c(nn(C)c1Cc1ccccc1)CC2,7.958607314841775,active
CHEMBL3656595,COc1cc(C(=O)NC2CCN(C)CC2)ccc1Nc1ncc2c(n1)-c1c(nn(C)c1CC1CC1)CC2,7.958607314841775,active
CHEMBL3652852,COc1cc(OCCN2CCCC2)ccc1Nc1ncc2c(n1)-c1c(nn(C)c1C(C)c1ccccc1)CC2,7.958607314841775,active
CHEMBL3660948,COCCN1CCC(NC(=O)c2cc(OC)c(Nc3ncc4c(n3)-c3c(nn(C)c3C(C)C)CC4)cc2C)CC1,7.958607314841775,active
CHEMBL3656539,COc1ccc(Cc2c3c(nn2C)CCc2cnc(Nc4ccc(C(=O)NC5CCN(C)CC5)cc4OC)nc2-3)cc1,7.958607314841775,active
CHEMBL3656567,COc1cc(N2CCN(C)CC2)ccc1Nc1ncc2c(n1)-c1c(nn(C)c1-c1occc1C)CC2,7.958607314841775,active
CHEMBL3656718,COCCn1cc(Nc2ncc3c(n2)-c2c(nn(C)c2Cc2ccccc2OC)CC3)cn1,7.920818753952375,active
CHEMBL3822651,COCC(=O)N1CCC(n2nc(C)c(Nc3ncc(Cl)c(-c4cnn5ccccc45)n3)c2C)CC1,7.920818753952375,active
CHEMBL3656720,COc1cccc(Cc2c3c(nn2C)CCc2cnc(Nc4cc(C)n(C)n4)nc2-3)c1,7.920818753952375,active
CHEMBL3656577,Cc1ccccc1-c1c2c(nn1C)CCc1cnc(Nc3ccnn3C)nc1-2,7.920818753952375,active
CHEMBL3823962,CNC(=O)CN1CCC(n2nc(C)c(Nc3ncc(Cl)c(-c4cnn5ccccc45)n3)c2C)CC1,7.920818753952375,active
CHEMBL3656721,Cn1ccc(Nc2ncc3c(n2)-c2c(nn(C)c2Cc2cccc(Cl)c2)CC3)n1,7.920818753952375,active
CHEMBL3822587,Cc1nn(C2CCN(C(=O)CO)CC2)c(C)c1Nc1ncc(Cl)c(-c2cnn3ccccc23)n1,7.920818753952375,active
CHEMBL3652821,COc1ccccc1Nc1ncc2c(n1)-c1c(nn(C)c1-c1ccccc1Cl)CC2,7.920818753952375,active
CHEMBL3787614,Nc1ncnc2c1c(-c1cccc(OC[C@@H]3CCCO3)c1)cn2[C@H]1C[C@@H](CN2CCC2)C1,7.920818753952375,active
CHEMBL3785995,Nc1ncnc2c1c(-c1ccc(F)c(OCC34CCC(CC3)O4)c1)cn2[C@H]1C[C@@H](CN2CC[S+]([O-])CC2)C1,7.920818753952375,active
CHEMBL3785951,CC(=O)N1CCN([C@H]2C[C@@H](n3cc(-c4cc(OC[C@@H]5CCCO5)ccc4F)c4c(N)ncnc43)C2)CC1,7.920818753952375,active
CHEMBL3661016,Cc1ccccc1-c1c2c(nn1C)CCc1cnc(Nc3ccc(OCC(C)(C)CN(C)C)cc3Cl)nc1-2,7.920818753952375,active
CHEMBL3660973,COCCNC(=O)c1ccc(Nc2ncc3c(n2)-c2c(nn(C)c2-c2ccccc2C)CC3)c(OC)c1,7.920818753952375,active
CHEMBL3656719,COc1cccc(-c2c3c(nn2C)CCc2cnc(Nc4cnn(C5CCN(C(C)=O)CC5)c4)nc2-3)c1,7.920818753952375,active
CHEMBL1257998,CN1CCN([C@H]2CC[C@H](n3nc(-c4ccc(Nc5nc6cccc(Cl)c6o5)cc4)c4c(N)ncnc43)CC2)CC1,7.903089986991944,active
CHEMBL3823235,COc1cc(N2CCN(CCO)CC2)ccc1Nc1ncc(Cl)c(Nc2ccccc2P(C)(C)=O)n1,7.892790030352131,active
CHEMBL3656629,COc1cc(C(=O)NC2CCN(C)CC2)ccc1Nc1ncc2c(n1)-c1c(nn(C)c1C1CCC1)CC2,7.886056647693163,active
CHEMBL3656724,CC1Cc2nn(C)c(-c3ccccc3)c2-c2nc(Nc3ccn(CC(=O)N(C)C)n3)ncc21,7.886056647693163,active
CHEMBL3660900,CCOc1cc(C(=O)NC2CCN(C)CC2)ccc1Nc1ncc2c(n1)-c1c(nn(C)c1-c1ccccc1)CC2,7.886056647693163,active
CHEMBL3656722,COc1ccccc1Cc1c2c(nn1C)CCc1cnc(Nc3cnn(CCN(C)C)c3)nc1-2,7.886056647693163,active
CHEMBL1809225,COc1cc(N2CCN(C(C)=O)CC2)ccc1Nc1ncc(Cl)c(-c2cnc3ccc(C)cn23)n1,7.886056647693163,active
CHEMBL3656564,COc1ccccc1Nc1ncc2c(n1)-c1c(nn(C)c1-c1ccccc1Cl)CC2C,7.886056647693163,active
CHEMBL3652814,COC(=O)c1cc2cccc(Nc3ncc4c(n3)-c3c(nn(C)c3Cc3ccccc3)CC4)c2o1,7.886056647693163,active
CHEMBL3661017,Cc1ccccc1-c1c2c(nn1C)CCc1cnc(Nc3ccc(OCCCN(C)C)cc3Cl)nc1-2,7.886056647693163,active
CHEMBL3656565,COc1cc(OCCN2CCCC2)ccc1Nc1ncc2c(n1)-c1c(nn(C)c1-c1occc1C)CC2,7.886056647693163,active
CHEMBL3660984,Cc1ccccc1-c1c2c(nn1C)CCc1cnc(Nc3ccc(C(=O)NC4CCN(C5CC5)CC4)cc3Cl)nc1-2,7.886056647693163,active
CHEMBL3656723,CN(C)CCn1cc(Nc2ncc3c(n2)-c2c(nn(C)c2Cc2cccc(F)c2)CC3)cn1,7.886056647693163,active
CHEMBL3656618,Cn1nc2c(c1-c1ccc(F)cc1Cl)-c1nc(Nc3ccccc3)ncc1CC2,7.886056647693163,active
CHEMBL1760034,COc1cc(Nc2ncnc(Nc3ccc4ccccc4c3)n2)cc(OC)c1OC,7.886056647693163,active
CHEMBL3656613,Cc1cccc(-c2c3c(nn2C)CCc2cnc(Nc4ccccc4)nc2-3)c1Cl,7.886056647693163,active
CHEMBL1809224,COc1cc(N2CCN(C(C)=O)CC2)ccc1Nc1ncc(Cl)c(-c2cnc3ccc(F)cn23)n1,7.886056647693163,active
CHEMBL3655760,C[C@@]1(C(=O)Nc2ccc(F)nc2)CCCN1c1nc(Nc2ncc(C(N)=O)s2)c2cccn2n1,7.853871964321762,active
CHEMBL3787436,Nc1ncnc2c1c(-c1cc(OC[C@@H]3CCCO3)ccc1F)cn2[C@H]1C[C@@H](CN2CC[S+]([O-])CC2)C1,7.853871964321762,active
CHEMBL3652813,COC(=O)c1cc2cccc(Nc3ncc4c(n3)-c3c(nn(C)c3Cc3ccccc3)CC4)c2s1,7.853871964321762,active
CHEMBL3661014,CCOc1cc(N2CCN(S(C)(=O)=O)CC2)ccc1Nc1ncc2c(n1)-c1c(nn(C)c1Cc1ccccc1)CC2,7.853871964321762,active
CHEMBL563292,NCc1ccc(-c2cnc3[nH]cc(-c4cccc(NC(=O)Nc5ccccc5Oc5ccccc5)c4)c3c2)cc1,7.853871964321762,active
CHEMBL3785500,Nc1ncnc2c1c(-c1cccc(OCC34CCC(CC3)O4)c1)cn2[C@H]1C[C@@H](CN2CCC2)C1,7.853871964321762,active
CHEMBL3656725,CCn1ccc(Nc2ncc3c(n2)-c2c(nn(C)c2-c2ccccc2)CC3)n1,7.853871964321762,active
CHEMBL1688363,CN1CCN([C@H]2C[C@@H](c3nc(-c4ccc5ccc(-c6ccccc6)nc5c4F)c4c(N)ncnn43)C2)CC1,7.853871964321762,active
CHEMBL3824296,Cc1nn(C2CCNCC2)c(C)c1Nc1ncc(Cl)c(-c2cnn3ccccc23)n1,7.853871964321762,active
CHEMBL3822543,Cc1c(Nc2ncc(Cl)c(-c3cnc4ccccn34)n2)cnn1C1CCNCC1,7.853871964321762,active
CHEMBL3656726,Cn1ccc(Nc2ncc3c(n2)-c2c(nn(C)c2-c2ccc(F)cc2)CC3)n1,7.853871964321762,active
CHEMBL3823030,Cc1nn(C2CCN(C(=O)[C@@H](C)O)CC2)c(C)c1Nc1ncc(Cl)c(-c2cnn3ccccc23)n1,7.853871964321762,active
CHEMBL1667950,Cn1c(NC(=O)[C@H]2CC[C@H](c3nc(-c4ccc5ccc(-c6ccccc6)nc5c4F)c4c(N)nccn43)CC2)nc2ccccc21,7.853871964321762,active
CHEMBL3656728,Cn1ccc(Nc2ncc3c(n2)-c2c(nn(C)c2-c2ccc(Cl)cc2)CC3)n1,7.823908740944319,active
CHEMBL3656729,Cn1cc(Nc2ncc3c(n2)-c2c(nn(C)c2Cc2cccc(Cl)c2)CC3)cn1,7.823908740944319,active
CHEMBL3652817,Cn1nc2c(c1-c1ccccc1)-c1nc(Nc3ccccc3)ncc1CC2,7.823908740944319,active
CHEMBL3786167,CC(=O)N1CCN([C@H]2C[C@@H](n3cc(-c4cccc(OC[C@@H]5CCCO5)c4F)c4c(N)ncnc43)C2)CC1,7.823908740944319,active
CHEMBL3656552,COc1cc(OCCN2CCCC2)ccc1Nc1ncc2c(n1)-c1c(nn(C)c1-c1cc(C)ccc1Cl)CC2,7.823908740944319,active
CHEMBL3656727,CC(C)c1c2c(nn1C)CC(C)c1cnc(Nc3ccccc3)nc1-2,7.823908740944319,active
CHEMBL3656610,COc1ccc(-c2c3c(nn2C)CCc2cnc(Nc4ccccc4OC)nc2-3)c(Cl)c1,7.823908740944319,active
CHEMBL3660965,CNC(=O)c1ccc(Nc2ncc3c(n2)-c2c(nn(C)c2-c2ccccc2)CC3)c(OC)c1,7.823908740944319,active
CHEMBL3656622,COc1cc(C(=O)NC2CCN(C)CC2)ccc1Nc1ncc2c(n1)-c1c(nn(C)c1-c1ccccc1)CC2,7.795880017344075,active
CHEMBL450071,COc1cc(N2CCN(C(C)C)CC2)ccc1Nc1nc(Nc2ccc(F)cc2C(=O)NC[C@@H](O)CO)c2cc[nH]c2n1,7.795880017344075,active
CHEMBL3655738,C[C@@]1(C(=O)Nc2ncc(Cl)s2)CCCN1c1nc(Nc2cc(C3CC3)n[nH]2)c2cccn2n1,7.795880017344075,active
CHEMBL3656731,CN(C)C(=O)Cn1cc(Nc2ncc3c(n2)-c2c(nn(C)c2Cc2ccccc2)CC3)cn1,7.795880017344075,active
CHEMBL3656730,Cc1cc(Nc2ncc3c(n2)-c2c(nn(C)c2Cc2ccccc2Cl)CC3)nn1C,7.795880017344075,active
CHEMBL3037916,COc1cc(-c2ccccc2)nc2cc(-c3nc([C@H]4C[C@@H](N5CCN(C)CC5)C4)n4ccnc(N)c34)ccc12,7.795880017344075,active
CHEMBL261253,Nc1nccn2c1c(-c1ccc3ccc(-c4ccccc4)nc3c1)nc2[C@H]1C[C@H](CN2CCOCC2)C1,7.769551078621726,active
CHEMBL3656568,COc1cc(C(=O)NC2CCN(C)CC2)ccc1Nc1ncc2c(n1)-c1c(nn(C)c1-c1occc1C)CC2,7.769551078621726,active
CHEMBL1809044,COc1cc(N2CCN(C(C)=O)CC2)ccc1Nc1ncc(Cl)c(-c2cnc3ccccn23)n1,7.769551078621726,active
CHEMBL3656733,COCCn1ccc(Nc2ncc3c(n2)-c2c(nn(C)c2Cc2cccc(C(F)(F)F)c2)CC3)n1,7.769551078621726,active
CHEMBL3660898,CCOc1cc(C(=O)NC2CN(C)C2)ccc1Nc1ncc2c(n1)-c1c(nn(C)c1-c1ccccc1)CC2,7.769551078621726,active
CHEMBL3660897,CCOc1cc(C(=O)N[C@H]2CC[C@H](N3CCOCC3)CC2)ccc1Nc1ncc2c(n1)-c1c(nn(C)c1-c1ccccc1)CC2,7.769551078621726,active
CHEMBL1667935,C[C@]1(O)C[C@@H](c2nc(-c3ccc4ccc(-c5ccccc5)nc4c3F)c3c(N)ncnn32)C1,7.769551078621726,active
CHEMBL3656573,Cn1nc(C2CC2)cc1Nc1ncc2c(n1)-c1c(nn(C)c1-c1ccccc1Cl)CC2,7.769551078621726,active
CHEMBL3656732,CCn1ccc(Nc2ncc3c(n2)-c2c(nn(C)c2-c2cccc(C)c2)CC3)n1,7.769551078621726,active
CHEMBL3823549,COc1cc(OCCCN2CCCC2)ccc1Nc1ncc(Cl)c(Nc2ccccc2P(C)(C)=O)n1,7.7594507517174005,active
CHEMBL258648,Nc1nccn2c1c(-c1ccc3ccc(-c4ccccc4)nc3c1)nc2[C@H]1C[C@@H](N2CCOCC2)C1,7.7447274948966935,active
CHEMBL1097358,Cc1cc(N2CCN(C)CC2)cc2[nH]c(-c3c(NC[C@@H](O)c4cccc(Cl)c4)cc[nH]c3=O)nc12,7.7447274948966935,active
CHEMBL460997,COCCN1CCC(c2cc(C)c3nc(-c4c(NCCn5cc(Cl)cn5)cc[nH]c4=O)[nH]c3c2)CC1,7.7447274948966935,active
CHEMBL468671,COCCN1CCC(c2cc(C)c3nc(-c4c(NC[C@@H](O)c5cccc(Cl)c5)cc[nH]c4=O)[nH]c3c2)CC1,7.7447274948966935,active
CHEMBL411074,Nc1nccn2c1c(-c1ccc3ccc(-c4ccccc4)nc3c1)nc2[C@H]1C[C@@H](CN2CCOCC2)C1,7.7447274948966935,active
CHEMBL1760049,COc1ccc(Nc2nccc(Nc3cnc4ccccc4c3)n2)cc1OC,7.7447274948966935,active
CHEMBL3656736,CN(C)C(=O)Cn1ccc(Nc2ncc3c(n2)-c2c(nn(C)c2Cc2ccccc2Cl)CC3)n1,7.7447274948966935,active
CHEMBL3656735,COc1cccc(-c2c3c(nn2C)CCc2cnc(Nc4ccn(CCN(C)C)n4)nc2-3)c1,7.7447274948966935,active
CHEMBL3656737,CC(=O)N1CCC(n2cc(Nc3ncc4c(n3)-c3c(nn(C)c3Cc3c(Cl)cccc3Cl)CC4)cn2)CC1,7.7447274948966935,active
CHEMBL3656734,COCCn1ccc(Nc2ncc3c(n2)-c2c(nn(C)c2-c2ccccc2)C[C@@H]3C)n1,7.7447274948966935,active
CHEMBL555343,O=C(Nc1cccc(-c2c[nH]c3ncc(-c4ccccc4)cc23)c1)Nc1ccc(C(F)(F)F)cc1F,5.898940645091884,inactive
CHEMBL2006765,CCCNC(=O)c1ccc(Nc2nc(NCC(F)(F)F)c3cc[nH]c3n2)cc1,5.892790030352131,inactive
CHEMBL1241764,CC(=O)Oc1ccc(CNc2ccc3c(c2)OCO3)cc1OC(C)=O,5.886056647693163,inactive
CHEMBL1090351,O=C(Nc1cccc(-c2nc3sccn3c2-c2ccnc(Nc3ccc(N4CCOCC4)cc3)n2)c1)c1c(F)cccc1F,5.886056647693163,inactive
CHEMBL241292,Nc1nccn2c1c(-c1cccc(OCc3ccccc3)c1)nc2[C@H]1CC[C@H](C(=O)Nc2ccccc2)CC1,5.886056647693163,inactive
CHEMBL245563,Cc1cc(-n2ccnc2)cc2[nH]c(-c3c(N[C@H](CO)Cc4ccccc4OC(F)(F)F)cc[nH]c3=O)nc12,5.886056647693163,inactive
CHEMBL231609,Cc1cc(C(=O)NC2CCCC2)cc2[nH]c(-c3c(NCC(O)c4cccc(Cl)c4)cc[nH]c3=O)nc12,5.886056647693163,inactive
CHEMBL1091483,Cc1cc(N2CCOCC2)cc2[nH]c(-c3c(NCCn4cc(C(N)=O)cn4)cc[nH]c3=O)nc12,5.886056647693163,inactive
CHEMBL3398109,OC(CN1CCN(c2ccccc2)CC1)c1ccc(Br)cc1,5.883392256011751,inactive
CHEMBL249699,Nc1ncnc2c1c(-c1ccc3[nH]c(Cc4ccc5ccccc5c4)nc3c1)nn2[C@H]1CC[C@H](N2CCOCC2)CC1,5.8830603534492445,inactive
CHEMBL3805516,CN1CCN(c2ccc(C(=O)Nc3n[nH]c4ccc(Cc5cc(F)cc(F)c5)cc34)c(N)c2)CC1,5.874518734299406,inactive
CHEMBL1809192,COc1cc(N2CCN(C(C)=O)CC2)ccc1Nc1nccc(-c2cnc3ccccn23)n1,5.872895201635193,inactive
CHEMBL398597,Nc1nccn2c(C3CCC3)nc(-c3cccc(OCc4cc(F)cc(F)c4)c3)c12,5.8696662315049934,inactive
CHEMBL392107,COc1ccc(-c2nc(C3CCC3)n3ccnc(N)c23)cc1OCc1ccccc1,5.8696662315049934,inactive
CHEMBL241474,Nc1nccn2c1c(-c1cccc(OCc3ccccc3)c1)nc2[C@H]1CC[C@H](C(=O)NCc2ccccc2)CC1,5.856985199745905,inactive
CHEMBL397336,Cc1cc(-n2ccnc2)cc2[nH]c(-c3c(N[C@H](CO)Cc4ccc(F)cc4)cc[nH]c3=O)nc12,5.853871964321762,inactive
CHEMBL397667,Cc1cc(Br)cc2[nH]c(-c3c(N[C@H](CO)Cc4ccccc4)cc[nH]c3=O)nc12,5.853871964321762,inactive
CHEMBL3672894,CN1CCN(c2ccc(C(=O)Nc3n[nH]c4ccc(Cc5cc(F)cc(F)c5)cc34)cc2)CC1,5.841336019186011,inactive
CHEMBL3421967,COc1cc(N2CCN(C)CC2)ccc1Nc1nccc(-c2c[nH]c3cnccc23)n1,5.827105302247824,inactive
CHEMBL1240676,Oc1ccc(CNc2ccc3cn[nH]c3c2)cc1O,5.823908740944319,inactive
CHEMBL1090350,O=C(Nc1cccc(-c2nc3sccn3c2-c2ccnc(Nc3ccc(N4CCOCC4)cc3)n2)c1)c1ccccc1,5.823908740944319,inactive
CHEMBL3409738,CC1CCN(c2nc(Nc3cc(C4CC4)[nH]n3)c3c(n2)C(C)(C)CC3)CC1,5.823908740944319,inactive
CHEMBL3655730,O=C([C@@H]1CCCN1c1nc(Nc2cc(C3CC3)[nH]n2)c2cccn2n1)N1CCNCC1,5.817585347565446,inactive
CHEMBL446197,Cc1nc(Cc2nc3cc(-c4nn([C@H]5CC[C@H](N6CCOCC6)CC5)c5ncnc(N)c45)ccc3[nH]2)cs1,5.811915626285062,inactive
CHEMBL1091820,Cc1cc(N2CCOCC2)cc2[nH]c(-c3c(NCCn4cc(C(=O)N(C)C)cn4)cc[nH]c3=O)nc12,5.809668301829708,inactive
CHEMBL2088113,CCCc1cc(Nc2nc(NCc3cccnc3)ncc2Br)n[nH]1,5.800000874803203,inactive
CHEMBL269747,Cc1cc(-n2ccnc2)cc2[nH]c(-c3c(NCC(O)c4ccccc4NS(C)(=O)=O)cc[nH]c3=O)nc12,5.798602875679548,inactive
CHEMBL3353412,C=CC(=O)Nc1cc(Nc2nccc(-c3cn(C)c4ccccc34)n2)c(OC)cc1N(C)CCNC,5.795880017344075,inactive
CHEMBL1762180,C[C@H]1C(=O)N(c2ccc(S(=O)(=O)C(F)(F)F)cc2)C(=O)N1Cc1ccncc1,5.795880017344075,inactive
CHEMBL3398114,OC(CN1CCN(c2cccc(Cl)c2)CC1)c1ccc(Br)cc1,5.7848914189469065,inactive
CHEMBL239380,Nc1nccn2c(C3CCC3)nc(-c3cccc(OCc4c(Cl)cccc4Cl)c3)c12,5.777283528852417,inactive
CHEMBL240884,Nc1nccn2c(-c3ccccc3)nc(-c3cccc(OCc4ccccc4)c3)c12,5.774690718274137,inactive
CHEMBL1240829,Oc1ccc(CNc2ccc3c(c2)OCO3)cc1O,5.772113295386326,inactive
CHEMBL245711,Cc1cc(-n2ccnc2)cc2[nH]c(-c3c(N[C@H](CO)Cc4ccc(OC(C)(C)C)cc4)cc[nH]c3=O)nc12,5.769551078621726,inactive
CHEMBL360190,O=C1N/C=C/c2ccc(c(Br)c2)Oc2cc(cc(Br)c2O)CCNC(=O)/C(=N/O)Cc2ccc(c(Br)c2)Oc2cc(cc(Br)c2O)C/C1=N\O,5.769551078621726,inactive
CHEMBL3655723,CCOC(=O)c1ccc(NC(=O)[C@@H]2CCCN2c2nc(Nc3cc(C4CC4)[nH]n3)c3cccn3n2)cc1,5.755228238504705,inactive
CHEMBL241291,Nc1nccn2c1c(-c1cccc(OCc3ccccc3)c1)nc2[C@H]1CC[C@H](C(=O)N2CCCC2)CC1,5.739928612014925,inactive
CHEMBL1762166,CCOc1cc(CN2C(=O)N(c3ccc(SC(F)(F)F)cc3)C(=O)C2(C)C)ccn1,5.732593581247096,inactive
CHEMBL2023993,COc1cc(Nc2nccc(N3CCC[C@H](C(=O)NCc4ccc(Cl)cc4)C3)n2)cc(OC)c1OC,5.728158393463501,inactive
CHEMBL3787253,Nc1ncnc2c1c(-c1cccc(OCC3CCC3)c1)cn2[C@H]1C[C@@H](CN2CCC2)C1,5.721246399047171,inactive
CHEMBL3656584,Cc1c2c(nn1C)CCc1cnc(Nc3ccccc3Cl)nc1-2,5.712422190921295,inactive
CHEMBL3109401,CC1=CCC[C@@H]2[C@@]1(C)CC[C@H](C)[C@@]2(C)CC1=C(O)C(=O)C=C(NCCC(C)C)C1=O,5.7121982700697735,inactive
CHEMBL248472,Nc1nccn2c(C3CCC3)nc(-c3ccc(OCc4ccccc4)cc3)c12,5.705533773838407,inactive
CHEMBL3185148,Nc1nc(NCCNc2ncc(-n3ccnc3)c(-c3ccc(Cl)cc3Cl)n2)ccc1[N+](=O)[O-],5.698970004336019,inactive
CHEMBL3787579,COCCOc1cccc(-c2cn([C@H]3C[C@@H](CN4CCC4)C3)c3ncnc(N)c23)c1,5.698970004336019,inactive
CHEMBL3409730,Cc1cc(Nc2nc(N3CCCCCC3)nc3c2CCC3)n[nH]1,5.698970004336019,inactive
CHEMBL3656585,COCc1c2c(nn1C)CCc1cnc(Nc3ccccc3)nc1-2,5.691435586438761,inactive
CHEMBL539152,CN(C)C(=O)c1cccc(-c2cnc3[nH]cc(-c4cccc(NC(=O)Nc5ccc(Oc6ccccc6)cc5)c4)c3c2)c1,5.69058277422186,inactive
CHEMBL3104852,COC1OC(=O)c2c(O)c(O)c(O)c(C)c21,5.690369832574101,inactive
CHEMBL1093748,CNC(=O)c1cnn(CCNc2cc[nH]c(=O)c2-c2nc3c(C)cc(N4CCOCC4)cc3[nH]2)c1,5.686132779630847,inactive
CHEMBL3655748,O=C(NS(=O)(=O)C1CC1)[C@@H]1C[C@H](O)CN1c1nc(Nc2cc(C3CC3)n[nH]2)c2cccn2n1,5.684029654543083,inactive
CHEMBL3398110,OC(CN1CCN(c2ccc(F)cc2)CC1)c1ccc(Br)cc1,5.681727919788373,inactive
CHEMBL4587222,CCN1CCN(CCCOc2cc3nccc(Oc4c(F)cc(NC(=O)NN5C(=O)CSC5c5c(F)cccc5F)cc4F)c3cc2OC)CC1,5.6777807052660805,inactive
CHEMBL429472,Cc1cc(-n2ccnc2)cc2[nH]c(-c3c(NCCc4cccs4)cc[nH]c3=O)nc12,5.6777807052660805,inactive
CHEMBL398082,Nc1nccn2c(C3CCC3)nc(-c3cccc(OCc4cccc(Cl)c4)c3)c12,5.673664139071248,inactive
CHEMBL3884319,CC1(C)C(=O)N([C@H]2CCc3c(O)cccc32)c2nc(Nc3ccccc3)ncc21,5.6701954778359305,inactive
CHEMBL558867,COc1ccc(-c2cnc3[nH]cc(-c4cccc(NC(=O)Nc5ccc(C(F)(F)F)cc5F)c4)c3c2)cc1OC,5.657972311912529,inactive
CHEMBL428221,Cc1cc(-n2ccnc2)cc2[nH]c(-c3c(N[C@H](CO)Cc4ccccc4C#N)cc[nH]c3=O)nc12,5.657577319177793,inactive
CHEMBL391746,Nc1nccn2c(C3CCC3)nc(-c3cccc(OCC4CC4)c3)c12,5.6439741428068775,inactive
CHEMBL505637,O=C(NCCc1ccc(O)c(Br)c1)/C(Cc1cc(Br)c(O)c(-c2cc(C/C(=N/O)C(=O)NCCc3ccc(O)c(Br)c3)cc(Br)c2O)c1)=N\O,5.638272163982407,inactive
CHEMBL1922225,C=C(CC[C@@H](C)[C@H]1CC[C@H]2[C@H](CCc3cc(O)ccc3C)C(=O)CC[C@@]21C)C(C)C,5.638272163982407,inactive
CHEMBL487254,N=C(Nc1ccccc1)SCCCN1C(=O)C2=C(C1=O)n1ccc3cccc(c31)C1Cc3ccccc3N21,5.638272163982407,inactive
CHEMBL398957,Nc1ncnc2c1c(-c1ccc3[nH]c(Cc4cccc(Cl)c4Cl)nc3c1)nn2[C@H]1CC[C@H](N2CCOCC2)CC1,5.634137784597445,inactive
CHEMBL400277,Nc1ncnc2c1c(-c1ccc3[nH]c(Cc4ccccn4)nc3c1)nn2[C@H]1CC[C@H](N2CCOCC2)CC1,5.631341287607773,inactive
CHEMBL3656586,COc1cccc(Nc2ncc3c(n2)-c2c(nn(-c4ccccn4)c2C(C)C)CC3)c1,5.628193541492584,inactive
CHEMBL3421636,CN1CCN(c2ccc(Nc3cc(-c4c[nH]c5ccccc45)ncn3)cc2)CC1,5.618163200001657,inactive
CHEMBL518060,Cc1ccc(O)cc1CC[C@@H]1C(=O)CC[C@@]2(C)[C@H]1CC[C@@H]2[C@H](C)/C=C/CC(C)C,5.616184634019569,inactive
CHEMBL1241670,Oc1ccc(CN(Cc2ccc(O)c(O)c2)c2ccc3ccccc3c2)cc1O,5.610833915635467,inactive
CHEMBL456936,Cc1ccc(O)cc1CC[C@@H]1C(=O)CC[C@@]2(C)[C@H]1CC[C@@H]2[C@H](C)CCCC(C)C,5.609064892896621,inactive
CHEMBL3398111,OC(CN1CCN(c2ccccc2F)CC1)c1ccc(Br)cc1,5.607127254597921,inactive
CHEMBL3967980,Cc1ccc(NC(=O)c2cccc(C(F)(F)F)c2)cc1NC(=O)c1cccc2c(N)nccc12,5.6020599913279625,inactive
CHEMBL231610,Cc1cc(C(=O)NC2CCCCC2)cc2[nH]c(-c3c(NCC(O)c4cccc(Cl)c4)cc[nH]c3=O)nc12,5.6020599913279625,inactive
CHEMBL245761,Cc1cc(-n2ccnc2)cc2[nH]c(-c3c(NCCn4nccn4)cc[nH]c3=O)nc12,5.6020599913279625,inactive
CHEMBL2147257,CNC(=O)[C@@H](Cc1c[nH]c2cc(Cl)ccc12)NC(=O)[C@H](CCC(=O)O)NC(=O)[C@H](Cc1ccccc1)NC(=O)[C@H](Cc1ccc(C(O)P(=O)(O)O)cc1)NC(=O)[C@H]1CCCC[C@@H]1C(=O)O,5.6020599913279625,inactive
CHEMBL3655734,O=C(NC1CCCNC1)[C@@H]1CCCN1c1nc(Nc2cc(-c3ccco3)[nH]n2)c2cccn2n1,5.600845666041783,inactive
CHEMBL1762149,C[C@H]1C(=O)N(c2ccc([S+]([O-])C(F)(F)F)cc2)C(=O)N1Cc1ccnc2ccccc12,5.598599459218456,inactive
CHEMBL3656587,CC(C)c1c2c(nn1-c1cccnc1)CCc1cnc(Nc3ccccc3)nc1-2,5.583026827396964,inactive
CHEMBL3656588,COc1ccccc1Nc1ncc2c(n1)-c1c(nn(-c3cccnc3)c1C(C)C)CC2,5.5828605902726745,inactive
CHEMBL3655741,Cn1nc(C2CC2)cc1NC(=O)[C@]1(C)CCCN1c1nc(Nc2cc(C3CC3)[nH]n2)c2cccn2n1,5.564792896759252,inactive
CHEMBL517956,Cc1ccc(O)cc1CC[C@H]1[C@@H]2CC[C@H]([C@H](C)CCCC(C)C)[C@@]2(C)CC[C@H]1O,5.557520230935552,inactive
CHEMBL2024000,COc1cc(Nc2nccc(N3CCC[C@H](C(=O)NCc4cccc(Oc5ccccc5)c4)C3)n2)cc(OC)c1OC,5.557520230935552,inactive
CHEMBL399224,Cc1cc(-c2nn([C@H]3CC[C@H](N4CCOCC4)CC3)c3ncnc(N)c23)cc2nc(Cc3ccccc3)[nH]c12,5.553773598221837,inactive
CHEMBL4568087,Cn1cc(-c2cnc3c(-c4csc(C(=O)N[C@@H]5CCCC[C@@H]5N)c4)cnn3c2)cn1,5.552841968657781,inactive
CHEMBL3409739,CC1CCN(c2nc(Nc3cc(C4CC4)[nH]n3)c3c(n2)C2(CCCC2)CC3)CC1,5.552841968657781,inactive
CHEMBL240893,Nc1nccn2c(C3CCC3)nc(-c3cccc(OCc4ccc(OC(F)F)cc4)c3)c12,5.549750891680639,inactive
CHEMBL3655729,O=C([C@@H]1CCCN1c1nc(Nc2cc(C3CC3)[nH]n2)c2cccn2n1)N1CCCNCC1,5.546681659952962,inactive
CHEMBL1762165,CC1(C)C(=O)N(c2ccc(SC(F)(F)F)cc2)C(=O)N1Cc1ccnc(F)c1,5.538051504796238,inactive
CHEMBL39295,COc1cc(/C=C(\C#N)c2ccccn2)ccc1O,5.5376020021010435,inactive
CHEMBL2023546,COc1cc(Nc2nccc(N3CCC[C@H](C(=O)NCc4ccc(C)cc4)C3)n2)cc(OC)c1,5.533132379645891,inactive
CHEMBL1762164,CC1(C)C(=O)N(c2ccc(SC(F)(F)F)cc2)C(=O)N1Cc1ccnc(C(N)=O)c1,5.530177984021837,inactive
CHEMBL3656589,COc1ccc(Nc2ncc3c(n2)-c2c(nn(-c4ccccn4)c2C(C)C)CC3)cc1,5.526367073126159,inactive
CHEMBL410158,Cc1cc(-n2ccnc2)cc2[nH]c(-c3c(NCCO)cc[nH]c3=O)nc12,5.522878745280337,inactive
CHEMBL393889,Cc1cc(-n2ccnc2)cc2[nH]c(-c3c(NCc4ccco4)cc[nH]c3=O)nc12,5.522878745280337,inactive
CHEMBL263800,Cc1cc(-n2ccnc2)cc2[nH]c(-c3c(NCCc4ccccc4)cc[nH]c3=O)nc12,5.515700160653214,inactive
CHEMBL245513,COc1ccc(C[C@@H](CO)Nc2cc[nH]c(=O)c2-c2nc3c(C)cc(-n4ccnc4)cc3[nH]2)cc1,5.508638306165727,inactive
CHEMBL230205,Cc1cc(-c2ccccc2)cc2[nH]c(-c3c(N[C@H](CO)Cc4ccccc4)cc[nH]c3=O)nc12,5.508638306165727,inactive
CHEMBL1922224,Cc1ccc(O)cc1CC[C@@H]1[C@@H](O)CC[C@@]2(C)[C@H]1CC[C@@H]2[C@H](C)/C=C/CC(C)C,5.5003129173815966,inactive
CHEMBL2088111,CCc1cc(Nc2nc(NCc3ccccn3)ncc2Br)n[nH]1,5.499999678657065,inactive
CHEMBL2088092,Cc1cc(Nc2nc(NCc3cc(C(C)(C)C)no3)ncc2Br)n[nH]1,5.499999678657065,inactive
CHEMBL3655722,O=C(NCc1ccccc1)[C@H]1CCCN1c1nc(Nc2cc(C3CC3)[nH]n2)c2cccn2n1,5.499489089473663,inactive
CHEMBL3421971,COc1cc(N2CCN(C)CC2)ccc1Nc1nccc(-c2cn(C)c3c(C)nccc23)n1,5.498393077581171,inactive
CHEMBL399192,Nc1nccn2c(C3CCC3)nc(-c3cccc(OCc4ccccc4OC(F)F)c3)c12,5.484126156288321,inactive
CHEMBL4516916,Fc1ccc(-c2csc(N3N=C(c4ccc(N5CCOCC5)cc4)CC3c3ccc(Cl)cc3)n2)cc1,5.484126156288321,inactive
CHEMBL3421972,COc1cc(OC2CCN(C)CC2)ccc1Nc1nccc(-c2c[nH]c3cnccc23)n1,5.481486060122113,inactive
CHEMBL395212,Cc1cc(-n2ccnc2)cc2[nH]c(-c3c(N[C@H](CO)Cc4cccc([N+](=O)[O-])c4)cc[nH]c3=O)nc12,5.481486060122113,inactive
CHEMBL392339,Nc1nccn2c(C3CCC3)nc(-c3ccc(O)c(OCc4ccccc4)c3)c12,5.480172006224281,inactive
CHEMBL3109402,COc1cc2nc(C)oc2c(C[C@]2(C)[C@@H](C)CC[C@@]3(C)C(C)=CCC[C@H]32)c1O,5.480172006224281,inactive
CHEMBL394136,Nc1nccn2c1c(-c1cccc(OCc3ccccc3)c1)nc2[C@H]1CC[C@H](C(=O)N2CCCCC2)CC1,5.468521082957745,inactive
CHEMBL396482,Cc1cc(-n2ccnc2)cc2[nH]c(-c3ccc[nH]c3=O)nc12,5.455931955649724,inactive
CHEMBL3104853,COCc1c(C)c(O)c(O)c(O)c1C=O,5.455931955649724,inactive
CHEMBL437008,Cc1cc(-n2ccnc2)cc2[nH]c(-c3c(N[C@H](CO)Cc4cccc(C(F)(F)F)c4)cc[nH]c3=O)nc12,5.455931955649724,inactive
CHEMBL245612,Nc1nccn2c(C3CCC3)nc(-c3cccc(OC4CCCC4)c3)c12,5.455931955649724,inactive
CHEMBL392968,Nc1nccn2c(C3CCCCC3)nc(-c3cccc(OCc4ccccc4)c3)c12,5.454692883534176,inactive
CHEMBL231213,COC(CNc1cc[nH]c(=O)c1-c1nc2c(C)cc(-n3ccnc3)cc2[nH]1)c1cccc(Cl)c1,5.440093374963888,inactive
CHEMBL3785519,CC(Oc1cccc(-c2cn([C@H]3C[C@@H](CN4CCC4)C3)c3ncnc(N)c23)c1)c1ccccc1,5.431798275933005,inactive
CHEMBL392282,Nc1nccn2c(C3CCCCCC3)nc(-c3cccc(OCc4ccccc4)c3)c12,5.421360790031928,inactive
CHEMBL1088931,O=C(Nc1cccc(-c2nc3sccn3c2-c2ccnc(Nc3cccc(N4CCOCC4)c3)n2)c1)c1c(F)cccc1F,5.42021640338319,inactive
CHEMBL2088089,Cc1cc(Nc2nc(NCCc3cccnc3)ncc2Br)n[nH]1,5.40000018605658,inactive
CHEMBL2088090,C=CCNc1ncc(Br)c(Nc2cc(C)[nH]n2)n1,5.40000018605658,inactive
CHEMBL2088103,Cc1cc(Nc2nc(NCCc3ccco3)ncc2Br)n[nH]1,5.40000018605658,inactive
CHEMBL489083,N=C(N)SCCCn1c(=O)c2n3ccc4cccc(c43)c3cc4ccccc4n3c=2c1=O,5.3979400086720375,inactive
CHEMBL3582427,N#Cc1ccc(-c2cnc3ccc(NCc4ccccc4)nn23)cc1,5.3979400086720375,inactive
CHEMBL440964,COc1ccc(-c2cc(C)c3nc(-c4c(N[C@H](CO)Cc5ccccc5)cc[nH]c4=O)[nH]c3c2)cc1,5.3979400086720375,inactive
CHEMBL231568,CNC(=O)c1cc(Oc2ccc3oc(Nc4ccc(Cl)c(OC[C@@H]5CCCN5C)c4)nc3c2)ccn1,5.396855627379818,inactive
CHEMBL2023551,COc1cc(Nc2nccc(N3CCC[C@H](C(=O)NCC(=O)c4ccccc4)C3)n2)cc(OC)c1OC,5.3872161432802645,inactive
CHEMBL2023998,COc1cc(Nc2nccc(N3CCC[C@H](C(=O)NCc4cccc(-c5ccccc5)c4)C3)n2)cc(OC)c1OC,5.373659632624958,inactive
CHEMBL398399,Nc1nccn2c(C3CCC3)nc(-c3cccc(OCc4ccc(F)c(F)c4)c3)c12,5.3487219860018556,inactive
CHEMBL1240677,Oc1ccc(CNc2ccc3ccccc3c2)cc1O,5.346787486224656,inactive
CHEMBL1762163,CN(C)c1cc(CN2C(=O)N(c3ccc(SC(F)(F)F)cc3)C(=O)C2(C)C)ccn1,5.346690987061521,inactive
CHEMBL2023534,COc1cc(Nc2nccc(N3CCC[C@H](C(=O)NCc4ccc(C)cc4)C3)n2)cc(OC)c1OC,5.336299074610352,inactive
CHEMBL4171115,COc1cc2c(Oc3ccc(NC(=O)NN4C(=O)CSC4c4c(F)cccc4F)c(F)c3)ccnc2cc1OCCCN1CCCC1,5.330683119433888,inactive
CHEMBL1762162,CC1(C)C(=O)N(c2ccc(SC(F)(F)F)cc2)C(=O)N1Cc1ccnc(NS(C)(=O)=O)c1,5.327348077159997,inactive
CHEMBL245370,Cc1cc(-n2ccnc2)cc2[nH]c(-c3c(N[C@H](CO)Cc4ccccn4)cc[nH]c3=O)nc12,5.318758762624412,inactive
CHEMBL3983053,Cc1cc(Nc2cc(C3CC3)n[nH]2)nc(Nc2cc(Br)cc(C(F)(F)F)c2)n1,5.301029995663981,inactive
CHEMBL3936222,Nc1cccc(Nc2nc(NCc3cc(-c4ccccc4)no3)ncc2Br)n1,5.301029995663981,inactive
CHEMBL3936745,O=C(Nc1ccc(N2CCOCC2)cc1)c1nc(Nc2ccccc2Cl)nc(Nc2cc(C3CC3)n[nH]2)c1[N+](=O)[O-],5.301029995663981,inactive
CHEMBL4564126,Cc1cnc(-c2cc(Cl)ccc2F)cc1-n1c(=O)n(CC(N)=O)c2cnccc21,5.301029995663981,inactive
CHEMBL3946421,Brc1cnc(Nc2ccccc2N2CCCCC2)nc1Nc1cc(C2CC2)[nH]n1,5.301029995663981,inactive
CHEMBL3969671,Clc1ccccc1CCNc1ncc(Br)c(Nc2cc(C3CC3)n[nH]2)n1,5.301029995663981,inactive
CHEMBL3966217,Brc1cnc(Nc2ccc(OCc3ccccc3)cc2)nc1Nc1cc(C2CC2)n[nH]1,5.301029995663981,inactive
CHEMBL3965961,Cc1cc(Nc2ccc3ccccc3c2)nc(Nc2ccc(N3CCOCC3)cc2)n1,5.301029995663981,inactive
CHEMBL3968710,Brc1cnc(Nc2cc(-c3ccccc3)n[nH]2)nc1Nc1cc(-c2ccccc2)n[nH]1,5.301029995663981,inactive
CHEMBL3958571,Nc1ncnc2c1c(-c1cccc(OCc3ccccc3)c1)cn2CC1CC2CN(C(=O)OCc3ccccc3)CC2C1,5.301029995663981,inactive
CHEMBL3955941,Nc1ncnc2c1c(-c1ccc(NC(=O)C3(C(=O)Nc4ccc(F)cc4)CC3)cc1)cn2CC1CC2CN(C(=O)OCc3ccccc3)CC2C1,5.301029995663981,inactive
CHEMBL3954598,Cc1cc(Nc2cc(C)on2)nc(NCc2cc(-c3ccccc3)no2)n1,5.301029995663981,inactive
CHEMBL3980420,Clc1ccccc1Nc1ncc(Br)c(Nc2n[nH]c3ccccc23)n1,5.301029995663981,inactive
CHEMBL3938497,O=[N+]([O-])c1cnc(Nc2ccc(Cl)cc2Cl)nc1Nc1cc(C2CC2)n[nH]1,5.301029995663981,inactive
CHEMBL3904605,Cc1cc(Nc2ccc3ccccc3c2)nc(NCc2cc(-c3ccccc3)no2)n1,5.301029995663981,inactive
CHEMBL3919085,Cc1cc(Nc2cc(C)on2)nc(Nc2ccc(N3CCOCC3)cc2)n1,5.301029995663981,inactive
CHEMBL3948639,CC(=O)C1CC(n2cc(-c3cccc(OCc4ccccc4)c3)c3c(N)ncnc32)C1,5.301029995663981,inactive
CHEMBL3973833,CC(=O)NCC#CCn1cc(-c2cccc(OCc3ccccc3)c2)c2c(N)ncnc21,5.301029995663981,inactive
CHEMBL3932168,Clc1cc(Cl)cc(Nc2ncc(Br)c(Nc3cc(C4CC4)n[nH]3)n2)c1,5.301029995663981,inactive
CHEMBL3970961,c1cc(Nc2ccon2)nc(Nc2ccc(N3CCOCC3)cc2)n1,5.301029995663981,inactive
CHEMBL3941204,NC(=O)c1c[nH]nc1Nc1nc(Nc2ccccc2Cl)ncc1Br,5.301029995663981,inactive
CHEMBL3949164,Brc1cnc(Nc2ccncc2)nc1Nc1cc(C2CC2)[nH]n1,5.301029995663981,inactive
CHEMBL3967069,Brc1cnc(NCc2cc(-c3ccccc3)cs2)nc1Nc1cc(C2CC2)n[nH]1,5.301029995663981,inactive
CHEMBL3908210,Clc1cc(Nc2ncc(Br)c(Nc3cc(C4CC4)n[nH]3)n2)cc(Cl)c1Cl,5.301029995663981,inactive
CHEMBL3906390,FC(F)(F)Oc1cccc(Nc2ncc(Br)c(Nc3cc(C4CC4)n[nH]3)n2)c1,5.301029995663981,inactive
CHEMBL3896752,O=C(c1ccccc1)c1ccccc1Nc1ncc(Br)c(Nc2cc(C3CC3)n[nH]2)n1,5.301029995663981,inactive
CHEMBL3939503,COc1ccc(-c2cc(CNc3ncc(Br)c(Nc4cc(C5CC5)[nH]n4)n3)on2)cc1,5.301029995663981,inactive
CHEMBL3961989,CCCCNc1cc(C)nc(NCc2cc(-c3ccccc3)no2)n1,5.301029995663981,inactive
CHEMBL3962143,Brc1cnc(NCCC(c2ccccc2)c2ccccc2)nc1Nc1cc(C2CC2)[nH]n1,5.301029995663981,inactive
CHEMBL3923128,Clc1cccc(-c2ncc(CNc3ncc(Br)c(Nc4cc(C5CC5)[nH]n4)n3)s2)c1,5.301029995663981,inactive
CHEMBL3901428,O=C(Nc1ncc(Br)c(Nc2cc(C3CC3)[nH]n2)n1)c1ccccc1Cl,5.301029995663981,inactive
CHEMBL3927281,Brc1cnc(Nc2cccc(OCc3ccccc3)c2)nc1Nc1cc(C2CC2)n[nH]1,5.301029995663981,inactive
CHEMBL3926344,CCN(CC)CCNC(=O)CCc1ccc(Nc2nc(C)cc(Nc3ccccc3)n2)cc1,5.301029995663981,inactive
CHEMBL3957213,Cc1cc(N2CCN(C)CC2)nc(N2CCN(C)CC2)n1,5.301029995663981,inactive
CHEMBL3943970,c1ccc(-c2cc(CNc3nc4c(c(Nc5cc(C6CC6)[nH]n5)n3)CCNC4)on2)cc1,5.301029995663981,inactive
CHEMBL3926402,Brc1cnc(Nc2ccc(-c3ccccc3)cc2)nc1Nc1cc(C2CC2)[nH]n1,5.301029995663981,inactive
CHEMBL3891973,Cc1cc(Nc2cc(C3CC3)n[nH]2)nc(Nc2ccc(N3CCOCC3)cc2)n1,5.301029995663981,inactive
CHEMBL3968955,Nc1ncc(Br)c(Nc2cc(C3CC3)[nH]n2)n1,5.301029995663981,inactive
CHEMBL3909208,FC(F)(F)c1cc(Br)cc(Nc2ncc(Br)c(Nc3cc(C4CC4)n[nH]3)n2)c1,5.301029995663981,inactive
CHEMBL3946160,Brc1cnc(NCc2cc(-c3ccccc3)no2)nc1Nc1cc(-c2ccccc2)n[nH]1,5.301029995663981,inactive
CHEMBL3959430,Nc1ccc(Nc2nc(Nc3cc(C4CC4)n[nH]3)ncc2Br)cc1,5.301029995663981,inactive
CHEMBL3943374,c1cc(N2CCOCC2)ccc1Nc1nc2c(c(Nc3cc(C4CC4)[nH]n3)n1)CCNC2,5.301029995663981,inactive
CHEMBL3898893,Nc1ncnn1-c1nc(Nc2ccc(N3CCOCC3)cc2)ncc1Br,5.301029995663981,inactive
CHEMBL3916332,Cc1cc(Nc2nc(NCc3cc(-c4ccccc4)no3)ncc2Br)no1,5.301029995663981,inactive
CHEMBL3943179,Nc1ncnc2c1c(-c1cccc(OCc3ccccc3)c1)cn2CC1CC2CNCC2C1,5.301029995663981,inactive
CHEMBL3973663,COc1cc(Nc2ncc(Br)c(Nc3cc(C4CC4)n[nH]3)n2)cc(C(F)(F)F)c1,5.301029995663981,inactive
CHEMBL3929068,Brc1cnc(Nc2ccc(Oc3ccccc3)cc2)nc1Nc1cc(C2CC2)[nH]n1,5.301029995663981,inactive
CHEMBL3964970,Cc1cc(NCc2ccccc2)nc(NCc2cc(-c3ccccc3)no2)n1,5.301029995663981,inactive
CHEMBL3983846,COc1cc(Nc2nc(C)cc(Nc3cc(C4CC4)n[nH]3)n2)cc(C(F)(F)F)c1,5.301029995663981,inactive
CHEMBL3910985,CC(C)(C)OC(=O)N1CCC(Nc2ncc(Br)c(Nc3cc(C4CC4)[nH]n3)n2)CC1,5.301029995663981,inactive
CHEMBL3931389,Brc1cnc(NCc2cc(-c3ccccc3)no2)nc1Nc1ccccc1,5.301029995663981,inactive
CHEMBL3898487,FC(F)(F)c1cc(Nc2ncc(Br)c(Nc3cc(C4CC4)n[nH]3)n2)cc(C(F)(F)F)c1,5.301029995663981,inactive
CHEMBL3944239,Brc1cnc(NCC(c2ccccc2)c2ccccc2)nc1Nc1cc(C2CC2)[nH]n1,5.301029995663981,inactive
CHEMBL3957963,Nc1nc(Nc2ccc(N3CCOCC3)cc2)ncc1Br,5.301029995663981,inactive
CHEMBL3921351,Fc1cc(F)cc(Nc2ncc(Br)c(Nc3cc(C4CC4)n[nH]3)n2)c1,5.301029995663981,inactive
CHEMBL3928120,Brc1cnc(NC(Cc2ccccc2)c2ccccc2)nc1Nc1cc(C2CC2)[nH]n1,5.301029995663981,inactive
CHEMBL3947522,CCCCNc1cc(C)nc(Nc2ccc(N3CCOCC3)cc2)n1,5.301029995663981,inactive
CHEMBL3946057,c1ccc(CN2CCc3c(nc(Nc4ccc(N5CCOCC5)cc4)nc3Nc3cc(C4CC4)[nH]n3)C2)cc1,5.301029995663981,inactive
CHEMBL3896489,Brc1cnc(Nc2cccc(Oc3ccccc3)c2)nc1Nc1cc(C2CC2)n[nH]1,5.301029995663981,inactive
CHEMBL3946622,Nc1nc(C2CC2)nn1-c1nc(Nc2ccc(N3CCOCC3)cc2)ncc1Br,5.301029995663981,inactive
CHEMBL69638,Nc1ncnc2c1c(-c1cccc(Oc3ccccc3)c1)cn2C1CCCC1,5.301029995663981,inactive
CHEMBL3908741,Clc1ccccc1Nc1ncc(Br)c(Nc2cc(C3CC3)on2)n1,5.301029995663981,inactive
CHEMBL3911934,Cc1cc(Nc2n[nH]cc2C#N)nc(NCc2cc(-c3ccccc3)no2)n1,5.301029995663981,inactive
CHEMBL3957063,Cc1cc(Nc2cc(C3CC3)n[nH]2)nc(Nc2cc(C(F)(F)F)cc(C(F)(F)F)c2)n1,5.301029995663981,inactive
CHEMBL3920402,Clc1ccc(-c2ncc(CNc3ncc(Br)c(Nc4cc(C5CC5)[nH]n4)n3)s2)cc1,5.301029995663981,inactive
CHEMBL3923587,Cc1cc(Nc2ccccc2)nc(Nc2ccc(CCC(=O)NCCN3CCCC3)cc2)n1,5.301029995663981,inactive
CHEMBL3929415,FC(F)(F)c1ccc(-c2ncc(CNc3ncc(Br)c(Nc4cc(C5CC5)[nH]n4)n3)s2)cc1,5.301029995663981,inactive
CHEMBL3891655,CC(=O)Nc1cnc(Nc2ccccc2Cl)nc1Nc1cc(C2CC2)n[nH]1,5.301029995663981,inactive
CHEMBL3965523,Brc1cnc(Nc2ccccc2N2CCOCC2)nc1Nc1cc(C2CC2)n[nH]1,5.301029995663981,inactive
CHEMBL3895701,Nc1ncnc2c1c(-c1ccc(NC(=O)C3(C(=O)Nc4ccc(F)cc4)CC3)cc1)cn2CC1CC2CNCC2C1,5.301029995663981,inactive
CHEMBL3981336,CC(C)(C)OC(=O)N1CCC(CNc2ncc(Br)c(Nc3cc(C4CC4)n[nH]3)n2)CC1,5.301029995663981,inactive
CHEMBL3927637,CC(=O)N1CCC(n2cc(-c3cccc(OCc4ccccc4)c3)c3c(N)ncnc32)CC1,5.301029995663981,inactive
CHEMBL3948804,Clc1ccc(-c2ccc(CNc3ncc(Br)c(Nc4cc(C5CC5)n[nH]4)n3)s2)cc1,5.301029995663981,inactive
CHEMBL3948500,COc1cc(Nc2nc(C)cc(Nc3cc(C4CC4)n[nH]3)n2)cc([N+](=O)[O-])c1,5.301029995663981,inactive
CHEMBL2088096,COc1cc(CCc2cc(Nc3ccnc(NCc4cc(C)no4)n3)n[nH]2)cc(OC)c1,5.300000202445418,inactive
CHEMBL3582441,O=C(O)CN1CCN(c2cc(-c3cnc4ccc(N5CCC[C@@H]5c5cccc(F)c5)nn34)ccn2)CC1,5.292429823902063,inactive
CHEMBL230308,Cc1cc(-c2ccc(F)cc2)cc2[nH]c(-c3c(N[C@H](CO)Cc4ccccc4)cc[nH]c3=O)nc12,5.292429823902063,inactive
CHEMBL1088741,Cc1cc(N2CCOCC2)cc2[nH]c(-c3c(NCCn4cc(C(=O)O)cn4)cc[nH]c3=O)nc12,5.283162276700476,inactive
CHEMBL216543,O=C1Nc2ccccc2/C1=C1/Nc2ccccc2/C1=N\O,5.275724130399211,inactive
CHEMBL245567,Cc1cc(-n2ccnc2)cc2[nH]c(-c3c(NCc4cccs4)cc[nH]c3=O)nc12,5.275724130399211,inactive
CHEMBL245306,Cc1cc(-n2ccnc2)cc2[nH]c(-c3c(N[C@H](CO)Cc4ccc(Cl)cc4)cc[nH]c3=O)nc12,5.267606240177032,inactive
CHEMBL1762152,O=C1CN(Cc2ccnc3ccccc23)C(=O)N1c1ccc(S(=O)(=O)C(F)(F)F)cc1,5.267606240177032,inactive
CHEMBL3582442,OC1CCN(c2cc(-c3cnc4ccc(N5CCC[C@@H]5c5cccc(F)c5)nn34)ccn2)CC1,5.267606240177032,inactive
CHEMBL240435,Nc1nccn2c(C3CCC3)nc(-c3cccc(OCc4cccc(OC(F)F)c4)c3)c12,5.2380721615794705,inactive
CHEMBL504398,O=C(Nc1cccc(-c2nc3ccccn3c2-c2ccnc(Nc3cccc(CN4CCCC4)c3)n2)c1)c1c(F)cccc1F,5.226945306635737,inactive
CHEMBL4069365,CC1(C)OCC(=O)Nc2cc(Nc3nc(NCC(F)(F)F)c4occc4n3)ccc21,5.220403508742176,inactive
CHEMBL3672896,CN1CCN(c2ccc(C(=O)Nc3n[nH]c4ccc(Cc5cc(F)cc(F)c5)cc34)c(NC3CCCCC3)c2)CC1,5.2168113089247425,inactive
CHEMBL2023548,COc1cc(Nc2nccc(N3CCC[C@H](C(=O)NCc4ccccc4)C3)n2)cc(OC)c1OC,5.213248577854439,inactive
CHEMBL4160854,Nc1n[nH]c2cccc(-c3ccc(NC(=S)Nc4cc(Br)ccc4OC(F)(F)F)cc3)c12,5.207608310501746,inactive
CHEMBL248292,COCCOc1cccc(-c2nc(C3CCC3)n3ccnc(N)c23)c1,5.2020403562628035,inactive
CHEMBL2088095,Cc1cc(CNc2ncc(Br)c(Nc3cc(CCc4ccccc4)[nH]n3)n2)on1,5.200000237109354,inactive
CHEMBL2088102,Cc1cc(Nc2nc(NCCCc3c[nH]nc3C)ncc2Br)n[nH]1,5.200000237109354,inactive
CHEMBL2088091,Cc1cc(CNc2ncc(Br)c(Nc3cc(C)[nH]n3)n2)on1,5.200000237109354,inactive
CHEMBL2023550,COc1cc(Nc2nccc(N3CCC[C@H](C(=O)NCCCc4ccccc4)C3)n2)cc(OC)c1OC,5.1944991418416,inactive
CHEMBL2023547,COc1cc(Nc2nccc(N3CCC[C@H](C(=O)Nc4ccccc4)C3)n2)cc(OC)c1OC,5.18111458540599,inactive
CHEMBL4446992,COc1cc2c(Oc3ccc(C4SCC(=O)N4NC(=O)Nc4ccc(F)cc4F)cc3F)ccnc2cc1OCCCN1CCN(C)CC1,5.176525770829699,inactive
CHEMBL199723,CN1CCN(CCc2ccc(NC(=O)c3cc(-c4ccc5c(c4)OCO5)cnc3O)cc2)CC1,5.154901959985743,inactive
CHEMBL3353408,C=CC(=O)Nc1cc(Nc2ncc(Cl)c(-c3c[nH]c4ccccc34)n2)c(OC)cc1N(C)CCN(C)C,5.154901959985743,inactive
CHEMBL2023991,COc1cc(Nc2nccc(N3CCC[C@H](C(=O)NCc4ccccc4Cl)C3)n2)cc(OC)c1OC,5.149966742310231,inactive
CHEMBL488646,COc1cc(C2=C(c3cn(COC(C)(C)C)c4ccccc34)CNC2=O)cc(OC)c1OC,5.113509274827518,inactive
CHEMBL3787474,Nc1ncnc2c1c(-c1cccc(OCCO)c1)cn2[C@H]1C[C@@H](CN2CCC2)C1,5.102372908709558,inactive
CHEMBL2088097,Cc1cc(CNc2ncc(Cl)c(Nc3cc(C)[nH]n3)n2)on1,5.100000128334196,inactive
CHEMBL2088109,Cc1cc(Nc2ccnc(NCc3cc(C(N)=O)no3)n2)n[nH]1,5.100000128334196,inactive
CHEMBL3421981,c1cc2c(-c3ccnc4[nH]ccc34)c[nH]c2cn1,5.097344524782074,inactive
CHEMBL2023554,COc1cc(Nc2nccc(N3CCC[C@H](C(=O)NCc4ccccc4C)C3)n2)cc(OC)c1OC,5.079876673709276,inactive
CHEMBL486437,COc1cc(C2=C(c3cn(COCC[Si](C)(C)C)c4ccccc34)CNC2=O)cc(OC)c1OC,5.060480747381382,inactive
CHEMBL2023996,COC(=O)c1cccc(CNC(=O)[C@H]2CCCN(c3ccnc(Nc4cc(OC)c(OC)c(OC)c4)n3)C2)c1,5.051098239029786,inactive
CHEMBL2023540,COc1cccc(Nc2nccc(N3CCC[C@H](C(=O)NCc4ccc(C)cc4)C3)n2)c1,5.044697177238309,inactive
CHEMBL201511,COc1cc(C2=C(c3c[nH]c4ccccc34)C(=O)NC2=O)cc(OC)c1OC,5.00436480540245,inactive
CHEMBL240885,Nc1nccn2c(-c3ccc4ccccc4c3)nc(-c3cccc(OCc4ccccc4)c3)c12,5.0,inactive
CHEMBL397638,COc1cccc(-c2nc(C3CCC3)n3ccnc(N)c23)c1,5.0,inactive
CHEMBL392768,NC(=O)Cc1cccc(COc2cccc(-c3nc(C4CCC4)n4ccnc(N)c34)c2)c1,5.0,inactive
CHEMBL3745885,Cn1c(=O)c(S(=O)(=O)c2ccc(F)cc2F)cc2cnc(Nc3ccc4[nH]ccc4c3)nc21,5.0,inactive
CHEMBL2088107,Cc1cc(Nc2nc(NCc3cc(C(=O)N4CCCC4)no3)ncc2Br)n[nH]1,5.0,inactive
CHEMBL247892,Nc1nccn2c(C3CCC3)nc(-c3cccc(OCc4cccnc4)c3)c12,5.0,inactive
CHEMBL427907,Oc1nccn2c(C3CCC3)nc(-c3ccc4ccc(-c5ccccc5)nc4c3)c12,5.0,inactive
CHEMBL2111784,C[C@H](Nc1cc(-c2sc(C3CCN(C)CC3)nc2-c2ccc(F)cc2)ccn1)c1ccccc1,5.0,inactive
CHEMBL1762161,CC1(C)C(=O)N(c2ccc(SC(F)(F)F)cc2)C(=O)N1Cc1ccnc(C(=O)O)c1,5.0,inactive
CHEMBL3740487,CS(=O)(=O)Cc1cccc(Nc2nccc(Oc3ccc4c(C(=O)Nc5cccc(F)c5)cccc4c3)n2)c1,5.0,inactive
CHEMBL261803,Nc1nccn2c(C3CCC3)nc(-c3ccc4cccnc4c3)c12,5.0,inactive
CHEMBL497949,NC(=O)c1ccc2c(c1)NC(=O)/C2=C(\Nc1ccc(CN2CCCCC2)cc1)c1ccccc1,5.0,inactive
CHEMBL120185,CN1CCN(c2ccc3c(n2)nc(-c2ccc(F)cc2)n3-c2ccnc(NC3CCCC3)n2)CC1,5.0,inactive
CHEMBL2088108,Cc1cc(Nc2ccnc(NCc3cc(C4CC4)no3)n2)n[nH]1,5.0,inactive
CHEMBL3651966,C[C@@H]1C[C@H](N)C[C@H](c2ccncc2NC(=O)c2ccc(F)c(-c3c(F)cccc3F)n2)C1,5.0,inactive
CHEMBL1762158,CN1CCN(c2cc(CN3C(=O)N(c4ccc(SC(F)(F)F)cc4)C(=O)C3(C)C)ccn2)CC1,5.0,inactive
CHEMBL400621,N#Cc1ccccc1COc1cccc(-c2nc(C3CCC3)n3ccnc(N)c23)c1,5.0,inactive
CHEMBL121405,OC1(c2nc(-c3ccc(F)cc3)c(-c3ccnc(NC4CCCCC4)c3)o2)CCNCC1,5.0,inactive
CHEMBL1080901,Nc1nc(NCCNc2ncc(-c3ncc[nH]3)c(-c3ccc(Cl)cc3Cl)n2)ccc1[N+](=O)[O-],5.0,inactive
CHEMBL239376,N#Cc1ccc(COc2cccc(-c3nc(C4CCC4)n4ccnc(N)c34)c2)cc1,5.0,inactive
CHEMBL248492,Nc1nccn2c(C3CCC3)nc(-c3cccc(OCCO)c3)c12,5.0,inactive
CHEMBL4062803,Cc1n[nH]c2cc(Nc3nc(NC4CC4)c4occc4n3)ccc12,5.0,inactive
CHEMBL3233785,O=C(/C=C/CN1CC2CCC1C(=O)C2)Nc1cc2c(Nc3ccc(F)c(Cl)c3)ncnc2s1,5.0,inactive
CHEMBL4438748,CN(C)c1ccc(C(=O)Nc2cccc(NC(=O)COc3ccc4c(=O)ccoc4c3)c2)cc1,5.0,inactive
CHEMBL2046883,Cc1ccc(NC(=O)Nc2nnc(Sc3ncnc4cc(OCCCN5CCOCC5)ccc34)s2)cc1,5.0,inactive
CHEMBL2409778,Cc1cc(C(=O)Nc2cc(Oc3ccc4nc(NC(=O)C5CC5)nn4c3)ccc2F)n(C)n1,5.0,inactive
CHEMBL4078893,FC(F)(F)CNc1nc(Nc2ccc(N3CCOCC3)c(Cl)c2)nc2ccoc12,5.0,inactive
CHEMBL2105717,COc1cc2nccc(Oc3ccc(NC(=O)C4(C(=O)Nc5ccc(F)cc5)CC4)cc3)c2cc1OC,5.0,inactive
CHEMBL1990583,Nc1ncnn2ccc(C(=O)Nc3ccc(NC(=O)Nc4cccc(F)c4)cc3)c12,5.0,inactive
CHEMBL248471,COc1ccc(-c2nc(C3CCC3)n3ccnc(N)c23)cc1,5.0,inactive
CHEMBL118258,CN1CCC(O)(c2cn(-c3ccnc(NC4CCCC4)n3)c(-c3cccc(C(F)(F)F)c3)n2)CC1,5.0,inactive
CHEMBL1762160,CC1(C)C(=O)N(c2ccc(SC(F)(F)F)cc2)C(=O)N1Cc1ccnc(C#N)c1,5.0,inactive
CHEMBL565612,CN1CCN(c2nc(C3=C(c4c[nH]c5ccccc45)C(=O)NC3=O)c3ccccc3n2)CC1,5.0,inactive
CHEMBL393945,Nc1nccn2c(-c3cccc4ccccc34)nc(-c3cccc(OCc4ccccc4)c3)c12,5.0,inactive
CHEMBL437191,Nc1nccn2c(C3CCC3)nc(-c3cccc(OCCN4CCCC4)c3)c12,5.0,inactive
CHEMBL1762159,CC1(C)C(=O)N(c2ccc(SC(F)(F)F)cc2)C(=O)N1Cc1ccnc(N2CCNCC2)c1,5.0,inactive
CHEMBL553,C#Cc1cccc(Nc2ncnc3cc(OCCOC)c(OCCOC)cc23)c1,5.0,inactive
CHEMBL396623,Nc1nccn2c(C3CCC3)nc(-c3ccccc3)c12,5.0,inactive
CHEMBL1762157,CC1(C)C(=O)N(c2ccc(SC(F)(F)F)cc2)C(=O)N1Cc1ccnc(N2CCOCC2)c1,5.0,inactive
CHEMBL3623375,CN(C)CCCNC(=O)c1csc2nc(-c3ccc(NC(=O)Nc4cc(C(C)(C)C)on4)cc3)cn12,5.0,inactive
CHEMBL248493,Nc1nccn2c(C3CCC3)nc(-c3cccc(OCCn4ccnc4)c3)c12,5.0,inactive
CHEMBL3092314,CCN(CC)CCCNC(=O)Nc1cc2c(Nc3ccc(F)c(Cl)c3)ncnc2cc1O[C@H]1CCOC1,5.0,inactive
CHEMBL3903725,Nc1ccc(-c2ccc3ncc4c(=O)[nH]c(=O)n(-c5cccc(C(F)(F)F)c5)c4c3n2)cn1,5.0,inactive
CHEMBL412142,Cc1c[nH]c(-c2cnc(NCCNc3ccc(C#N)cn3)nc2-c2ccc(Cl)cc2Cl)n1,5.0,inactive
CHEMBL4066664,FC(F)(F)CNc1nc(Nc2ccc3cn[nH]c3c2)nc2ccoc12,5.0,inactive
CHEMBL3288526,Nc1ncnc2scc(-c3ccc4c(C(=O)Nc5ccccc5)cccc4c3)c12,5.0,inactive
CHEMBL352308,COc1cc2c(Oc3ccc(Nc4ccc(C(C)(C)C)cc4)cc3)ccnc2cc1OCCNCCO,5.0,inactive
CHEMBL4475216,COC[C@@H](C)Nc1cc(NC(=O)N2CCCc3cc(CN4CCCCOC4=O)c(C=O)nc32)ncc1C#N,5.0,inactive
CHEMBL245408,Nc1nccn2c(C3CCC3)nc(-c3ccc(Oc4ccccc4)cc3)c12,5.0,inactive
CHEMBL2348417,O=C(NCCO)C1=Cc2c(ncnc2Nc2ccc(Oc3cccc4sccc34)c(Cl)c2)NCC1,5.0,inactive
CHEMBL475285,COc1cc(N2CCN(C(C)C)CC2)ccc1Nc1nc(Nc2cccc(F)c2C(N)=O)c2ccn(C)c2n1,5.0,inactive
CHEMBL3741589,O=C(O)C1CN(Cc2ccc(OCc3ccc(Cl)c(Cl)c3)cc2)C1,5.0,inactive
CHEMBL525203,COC(=O)c1ccc2c(c1)NC(=O)/C2=C(\Nc1ccc(CN(C)C(=O)N(C)C)cc1)c1ccccc1,5.0,inactive
CHEMBL398077,Nc1nccn2c(C3CCC3)nc(-c3ccc(O)cc3)c12,5.0,inactive
CHEMBL3263869,COc1ccc(Oc2cc(C)c(-c3csc(NC(=O)c4ccnc(F)c4)n3)c(C)c2)cc1,5.0,inactive
CHEMBL3740721,CS(=O)(=O)Cc1cccc(Nc2nccc(Oc3ccc4c(C(=O)Nc5ccccc5)cccc4c3)n2)c1,5.0,inactive
CHEMBL1762156,CC1(C)C(=O)N(c2ccc(SC(F)(F)F)cc2)C(=O)N1Cc1ccnc(N2CCCCC2)c1,5.0,inactive
CHEMBL240671,Nc1nccn2cnc(-c3cccc(OCc4ccccc4)c3)c12,5.0,inactive
CHEMBL3739732,CS(=O)(=O)Cc1cccc(Nc2nccc(Oc3ccc4c(C(=O)Nc5cccnc5)cccc4c3)n2)c1,5.0,inactive
CHEMBL240670,CC(=O)Nc1cccc(COc2cccc(-c3nc(C4CCC4)n4ccnc(N)c34)c2)c1,5.0,inactive
CHEMBL554,CS(=O)(=O)CCNCc1ccc(-c2ccc3ncnc(Nc4ccc(OCc5cccc(F)c5)c(Cl)c4)c3c2)o1,5.0,inactive
CHEMBL3233767,C=CC(=O)Nc1cc2c(Nc3ccc(F)c(Cl)c3)ncnc2s1,5.0,inactive
CHEMBL3421976,Cn1cc(-c2ccnc(-c3ccc(S(C)(=O)=O)cc3)n2)c2ccncc21,5.0,inactive
CHEMBL2332840,O=C(Nc1ccc(Oc2ncnc3[nH]ncc23)cc1)Nc1ccc(Cl)c(C(F)(F)F)c1,5.0,inactive
CHEMBL2178352,CN1CCN(c2ccc(Nc3ncc4nc(Nc5ccccc5)n(C5CCCC5)c4n3)cc2)CC1,5.0,inactive
CHEMBL3092308,O=C(NCCN1CCCC1)Nc1cc2c(Nc3ccc(F)c(Cl)c3)ncnc2cc1O[C@H]1CCOC1,5.0,inactive
CHEMBL2333365,Cc1c(C(=O)N2CCOc3ccc(-c4ccc(N)nc4)cc3C2)ccc(S(C)(=O)=O)c1F,5.0,inactive
CHEMBL4516736,N#Cc1ccc(-c2csc(N3N=C(c4ccc(N5CCOCC5)cc4)CC3c3ccc(Cl)cc3)n2)cc1,4.986741334716483,inactive
CHEMBL2023552,COc1cc(Nc2nccc(N3CCC[C@H](C(=O)N[C@@H](C)c4ccccc4)C3)n2)cc(OC)c1OC,4.977159389123472,inactive
CHEMBL3109404,COC(=O)c1cc(O)c(O)c(C[C@]2(C)[C@@H](C)CC[C@@]3(C)C(C)=CCC[C@H]32)c1,4.928117992693875,inactive
CHEMBL2381601,NC(=O)c1cnc(N[C@H]2CC[C@H](N)CC2)c2nc(-c3ccc(Cl)cc3)cn12,4.920818753952375,inactive
CHEMBL1091613,O=C(Nc1cccc(-c2nc3sccn3c2-c2ccncc2)c1)c1ccccc1Cl,4.903089986991944,inactive
CHEMBL1093486,Nc1nc2ccc(-c3c(-c4cccc(NC(=O)c5ccccc5Cl)c4)nc4sccn34)cc2[nH]1,4.903089986991944,inactive
CHEMBL1093815,O=C(Nc1cccc(-c2nc3sccn3c2-c2ccnc(Nc3ccccc3)n2)c1)c1ccccc1Cl,4.903089986991944,inactive
CHEMBL1093234,O=C(Nc1cccc(-c2nc3sccn3c2-c2ccnc(Nc3ccccc3)n2)c1)c1ccccc1,4.903089986991944,inactive
CHEMBL1093235,O=[N+]([O-])c1cccc(-c2nc3sccn3c2-c2ccnc(Nc3ccccc3)n2)c1,4.903089986991944,inactive
CHEMBL2088257,COCCCc1cc(Nc2ccnc(NCc3cc(C4CC4)no3)n2)n[nH]1,4.900000142057633,inactive
CHEMBL2088098,Cc1cc(CNc2nccc(Nc3cc(C)[nH]n3)n2)on1,4.900000142057633,inactive
CHEMBL2088104,Cc1cnc(CNc2ncc(Br)c(Nc3cc(C)[nH]n3)n2)cn1,4.900000142057633,inactive
CHEMBL2088101,Cc1cc(Nc2nc(NCc3ccccn3)ncc2Br)n[nH]1,4.900000142057633,inactive
CHEMBL2088260,COc1cc(CCc2cc(Nc3ccnc(NCc4cc(C)on4)n3)n[nH]2)cc(OC)c1,4.900000142057633,inactive
CHEMBL248373,CCN(Cc1cc(-n2ccnc2)cc2[nH]c(-c3ccc[nH]c3=O)nc12)c1ncc[nH]1,4.886056647693163,inactive
CHEMBL393888,Cc1cc(-n2ccnc2)cc2[nH]c(-c3c(NCc4cccnc4)cc[nH]c3=O)nc12,4.853871964321762,inactive
CHEMBL2147260,CNC(=O)[C@H](Cc1ccc(Cl)cc1)NC(=O)[C@H](CCC(=O)O)NC(=O)[C@H](Cc1ccccc1)NC(=O)[C@H](Cc1ccc(C(O)P(=O)(O)O)cc1)NC(=O)[C@H]1CCCC[C@@H]1C(=O)O,4.853871964321762,inactive
CHEMBL436509,CN1CCN(c2ccc(NC(=O)c3cc(-c4ccc5c(c4)OCO5)cnc3O)cc2)CC1,4.823908740944319,inactive
CHEMBL2147368,CNC(=O)[C@H](Cc1c[nH]c2ccccc12)NC(=O)[C@H](CCC(=O)O)NC(=O)[C@H](Cc1ccccc1)NC(=O)[C@H](Cc1ccc(C(O)P(=O)(O)O)cc1)NC(=O)[C@H](CC(=O)O)NC(C)=O,4.806875401645538,inactive
CHEMBL2088105,Cc1cc(CCNc2ncc(Br)c(Nc3cc(C)[nH]n3)n2)on1,4.800000052738446,inactive
CHEMBL2088100,Cc1cc(CNc2nccc(Nc3cc(CCc4ccccc4)[nH]n3)n2)on1,4.800000052738446,inactive
CHEMBL3655733,Clc1nc(Nc2cc(-c3ccco3)[nH]n2)c2cccn2n1,4.751046384504292,inactive
CHEMBL3263640,Cc1c(NC(=O)c2ccc(C(C)(C)C)cc2)cccc1-c1nc(Nc2ccc(C(=O)N3CCOCC3)cc2)c2nc[nH]c2n1,4.746904414150968,inactive
CHEMBL453336,COc1cc(C2=C(c3cn(COCc4ccccc4)c4ccccc34)CNC2=O)cc(OC)c1OC,4.7447274948966935,inactive
CHEMBL2088093,COCCCc1cc(Nc2nc(NCc3cc(C)no3)ncc2Br)n[nH]1,4.70000006855703,inactive
CHEMBL381738,CN1CCN(CCCc2ccc(NC(=O)c3cc(-c4ccc5c(c4)OCO5)cnc3O)cc2)CC1,4.698970004336019,inactive
CHEMBL3393455,O=C1CNCC2=C1C(c1ccccc1F)c1c[nH]nc1N2,4.698970004336019,inactive
CHEMBL370800,CN1CCN(Cc2ccc(NC(=O)c3cc(-c4ccc5c(c4)OCO5)cnc3O)cc2)CC1,4.698970004336019,inactive
CHEMBL553719,CN(C)S(=O)(=O)c1ccc(-c2cnc3[nH]cc(-c4cccc(NC(=O)Nc5ccccc5Oc5ccccc5)c4)c3c2)cc1,4.682082846433244,inactive
CHEMBL2147258,CNC(=O)[C@H](Cc1c[nH]c2cc(Cl)ccc12)NC(=O)[C@H](CCC(=O)O)NC(=O)[C@H](Cc1ccccc1)NC(=O)[C@H](Cc1ccc(C(O)P(=O)(O)O)cc1)NC(=O)[C@H](CCC(=O)O)NC(C)=O,4.665546248849069,inactive
CHEMBL529663,COc1cc(C2=C(c3c[nH]c4ccccc34)CNC2=O)cc(OC)c1OC,4.657577319177793,inactive
CHEMBL2147365,CNC(=O)[C@@H](Cc1c[nH]c2ccccc12)NC(=O)[C@H](CCC(=O)O)NC(=O)[C@H](Cc1ccccc1)NC(=O)[C@H](Cc1ccc(C(O)P(=O)(O)O)cc1)NC(=O)[C@H]1CCCC[C@@H]1C(=O)O,4.642065152999546,inactive
CHEMBL195218,CONC(=O)c1cc(Nc2ncnn3cc(NC(=O)OCCCS(C)(=O)=O)c(C(C)C)c23)c(F)cc1F,4.6020599913279625,inactive
CHEMBL2023999,COc1cc(Nc2nccc(N3CCC[C@H](C(=O)NCc4ccc(-c5ccccc5)cc4)C3)n2)cc(OC)c1OC,4.6020599913279625,inactive
CHEMBL248374,O=c1[nH]cccc1-c1nc2c(CNCc3ccccc3)cc(-n3ccnc3)cc2[nH]1,4.6020599913279625,inactive
CHEMBL2023545,Cc1ccc(CNC(=O)[C@H]2CCCN(c3ccnc(Nc4ccc5c(c4)OCCO5)n3)C2)cc1,4.6020599913279625,inactive
CHEMBL2023553,COc1cc(Nc2nccc(N3CCC[C@H](C(=O)N[C@H](C)c4ccccc4)C3)n2)cc(OC)c1OC,4.6020599913279625,inactive
CHEMBL2023549,COc1cc(Nc2nccc(N3CCC[C@H](C(=O)NCCc4ccccc4)C3)n2)cc(OC)c1OC,4.6020599913279625,inactive
CHEMBL2023536,Cc1ccc(CNC(=O)[C@H]2CCCN(c3ccnc(Nc4ccccc4)n3)C2)cc1,4.6020599913279625,inactive
CHEMBL365318,CONC(=O)c1cc(Nc2ncnn3cc(-c4nnc(C)o4)c(C(C)C)c23)c(F)cc1F,4.6020599913279625,inactive
CHEMBL2023995,COc1cc(Nc2nccc(N3CCC[C@H](C(=O)NCc4ccc([N+](=O)[O-])cc4)C3)n2)cc(OC)c1OC,4.6020599913279625,inactive
CHEMBL370266,CONC(=O)c1cc(Nc2ncnn3cc(NC(=O)OCC4CCCO4)c(C(C)C)c23)c(F)cc1F,4.6020599913279625,inactive
CHEMBL2023537,Cc1ccc(CNC(=O)[C@H]2CCCN(c3ccnc(NCc4ccccc4)n3)C2)cc1,4.6020599913279625,inactive
CHEMBL245564,Cc1cc(-n2ccnc2)cc2[nH]c(-c3c(SCc4ccccn4)cc[nH]c3=O)nc12,4.6020599913279625,inactive
CHEMBL245305,CN(Cc1cc(-n2ccnc2)cc2[nH]c(-c3ccc[nH]c3=O)nc12)c1ccccc1,4.6020599913279625,inactive
CHEMBL396355,O=c1[nH]cccc1-c1nc2c(CN3CCNCC3)cc(-n3ccnc3)cc2[nH]1,4.6020599913279625,inactive
CHEMBL248170,NCc1cc(-n2ccnc2)cc2[nH]c(-c3ccc[nH]c3=O)nc12,4.6020599913279625,inactive
CHEMBL2023997,COC(=O)c1ccc(CNC(=O)[C@H]2CCCN(c3ccnc(Nc4cc(OC)c(OC)c(OC)c4)n3)C2)cc1,4.6020599913279625,inactive
CHEMBL377734,O=C(NC1CC1)c1cc(NCc2cnc(Nc3ccccn3)s2)c(F)cc1F,4.6020599913279625,inactive
CHEMBL195903,CONC(=O)c1cc(Nc2ncnn3cc(-c4nnc(C(F)(F)S(C)(=O)=O)o4)c(C(C)C)c23)c(F)cc1F,4.6020599913279625,inactive
CHEMBL2023535,CNc1nccc(N2CCC[C@H](C(=O)NCc3ccc(C)cc3)C2)n1,4.6020599913279625,inactive
CHEMBL2023543,CCc1ccc(Nc2nccc(N3CCC[C@H](C(=O)NCc4ccc(C)cc4)C3)n2)cc1,4.6020599913279625,inactive
CHEMBL245304,O=c1[nH]cccc1-c1nc2c(CNCc3cccnc3)cc(-n3ccnc3)cc2[nH]1,4.6020599913279625,inactive
CHEMBL296468,CC(C)(C)c1cnc(CSc2cnc(NC(=O)C3CCNCC3)s2)o1,4.6020599913279625,inactive
CHEMBL245566,Cc1cc(-n2ccnc2)cc2[nH]c(-c3c(NCc4ccncc4)cc[nH]c3=O)nc12,4.6020599913279625,inactive
CHEMBL248372,CNCc1cc(-n2ccnc2)cc2[nH]c(-c3ccc[nH]c3=O)nc12,4.6020599913279625,inactive
CHEMBL428222,Cc1cc(-n2ccnc2)cc2[nH]c(-c3c(OCc4ccccn4)cc[nH]c3=O)nc12,4.6020599913279625,inactive
CHEMBL386760,COc1ccc(N(C(=O)Oc2c(C)cccc2C)c2ccnc(Nc3cc(OC)c(OCCCN4CCN(C)CC4)c(OC)c3)n2)c(OC)c1,4.6020599913279625,inactive
CHEMBL2024002,COc1cc(Nc2nccc(N3CCC[C@@H](C(=O)NCc4ccc(C)cc4)C3)n2)cc(OC)c1OC,4.6020599913279625,inactive
CHEMBL2023539,Cc1ccc(CNC(=O)[C@H]2CCCN(c3ccnc(Nc4ccc(Cl)cc4)n3)C2)cc1,4.6020599913279625,inactive
CHEMBL412367,CCc1c(NC(=O)OCCn2ccnc2)cn2ncnc(Nc3ccc4c(cnn4Cc4ccccc4)c3)c12,4.6020599913279625,inactive
CHEMBL2023538,Cc1ccc(CNC(=O)[C@H]2CCCN(c3ccnc(Nc4cccc(Cl)c4)n3)C2)cc1,4.6020599913279625,inactive
CHEMBL425995,CCCOc1ccc(C(O)CNc2cc[nH]c(=O)c2-c2nc3c(C)cc(-n4ccnc4)cc3[nH]2)cc1Cl,4.6020599913279625,inactive
CHEMBL2023542,CCc1cccc(Nc2nccc(N3CCC[C@H](C(=O)NCc4ccc(C)cc4)C3)n2)c1,4.6020599913279625,inactive
CHEMBL2023544,COc1ccc(Nc2nccc(N3CCC[C@H](C(=O)NCc4ccc(C)cc4)C3)n2)cc1OC,4.6020599913279625,inactive
CHEMBL2023541,COc1ccc(Nc2nccc(N3CCC[C@H](C(=O)NCc4ccc(C)cc4)C3)n2)cc1,4.6020599913279625,inactive
CHEMBL194498,CONC(=O)c1cc(Nc2ncnn3cc(-c4nnc(C(F)F)o4)c(C(C)C)c23)c(F)cc1F,4.6020599913279625,inactive
CHEMBL3421977,Cc1nccc2c(-c3ccnc(-c4ccc(S(C)(=O)=O)cc4)n3)c[nH]c12,4.5376020021010435,inactive
CHEMBL513227,Nc1nccc(-c2c(-c3cccc(C(=O)Nc4c(F)cccc4F)c3)nc3ccccn23)n1,4.522878745280337,inactive
CHEMBL2385543,O=C1c2oc(-c3ccc(Cl)cc3)cc2Cc2cc(N3CCNCC3)ccc2N1Cc1ccccc1-c1cccnc1,4.522878745280337,inactive
CHEMBL4557318,N#Cc1ccc(-c2csc(N3N=C(c4ccc(N5CCCCC5)cc4)CC3c3ccc(Cl)cc3)n2)cc1,4.522878745280337,inactive
CHEMBL1938680,O=C(Nc1ccc(N2CCNCC2)cc1)c1ccc(-c2ccc(Cl)cc2)o1,4.522878745280337,inactive
CHEMBL2381116,COc1ccc2c(c1)C(=O)N(c1nc(C(=O)Nc3cnccc3N3CCNCC3)cs1)C2,4.522878745280337,inactive
CHEMBL4068255,C[C@@H](c1cc2cccnc2cc1F)n1cnc2ncc(-c3cnn(C)c3)nc21,4.522878745280337,inactive
CHEMBL2218927,Cc1nc2cc3nc(-c4cccs4)cnc3cc2n1C,4.522878745280337,inactive
CHEMBL3818247,CN1C(=O)COc2c1cnc1ccc(Sc3nnc4c(F)cc(-c5cnn(C)c5)cn34)cc21,4.522878745280337,inactive
CHEMBL4074262,CC(c1cc2cc(-c3cnn(C)c3)cnc2cc1F)n1nnc2ncc(-c3cnn(CCO)c3)nc21,4.522878745280337,inactive
CHEMBL3314140,Clc1ccc(-c2ccc(-c3nccn3-c3ccc(N4CCNCC4)cc3)o2)cc1,4.522878745280337,inactive
CHEMBL4228654,CC(C)Nc1ccc2cnn(-c3cncc(-c4ccc(C(=O)O)cc4)n3)c2c1,4.522878745280337,inactive
CHEMBL3356117,CC(=O)c1ccc(N2CCN(C(=O)CN3CC[C@@H](C(=O)Nc4ccc(O)c(Cl)c4)C3)CC2)cc1,4.522878745280337,inactive
CHEMBL2088099,COCCCc1cc(Nc2ccnc(NCc3cc(C)no3)n2)n[nH]1,4.499999953328896,inactive
CHEMBL3421963,COc1cc(N2CCN(C)CC2)ccc1Nc1cc(-c2c[nH]c3cnccc23)ncn1,4.466927339951187,inactive
CHEMBL1957190,CC(C)n1c2c(c3c1-c1ccccc1C3=O)C(=O)CCC2,4.455931955649724,inactive
CHEMBL3353406,C=CC(=O)Nc1cc(Nc2ncc(C#N)c(-c3cn(C)c4ccccc34)n2)c(OC)cc1N(C)CCN(C)C,4.42021640338319,inactive
CHEMBL43417,N#C/C(=C\c1ccc(Oc2ccccc2)c(I)c1)c1ccccn1,4.407823242604133,inactive
CHEMBL2088110,Cc1cc(CNc2nccc(Nc3cc(CO)[nH]n3)n2)on1,4.399999967876858,inactive
CHEMBL3353407,C=CC(=O)Nc1cc(Nc2ncc(Cl)c(-c3cn(C)c4ccccc34)n2)c(OC)cc1N(C)CCN(C)C,4.3979400086720375,inactive
CHEMBL2147261,CNC(=O)[C@H](Cc1ccc(Cl)cc1)NC(=O)[C@H](CCC(=O)O)NC(=O)[C@H](Cc1ccccc1)NC(=O)[C@H](Cc1ccc(C(O)P(=O)(O)O)cc1)NC(=O)[C@H](CCC(=O)O)NC(C)=O,4.392544976785332,inactive
CHEMBL3421964,COc1cc(N2CCN(C(C)=O)CC2)ccc1Nc1cc(-c2c[nH]c3cnccc23)ncn1,4.392384156756868,inactive
CHEMBL3421978,C(=C/c1nccc(-c2c[nH]c3cnccc23)n1)\c1ccccc1,4.328438410892942,inactive
CHEMBL3086065,CNS(=O)(=O)Nc1cccc(Cc2c(C)c3cc(Cl)c(OC(=O)N(C)C)cc3oc2=O)c1,4.301029995663981,inactive
CHEMBL3822972,COc1cc2ncccc2cc1NC(=O)c1csc2cncnc12,4.301029995663981,inactive
CHEMBL1421,Cc1nc(Nc2ncc(C(=O)Nc3c(C)cccc3Cl)s2)cc(N2CCN(CCO)CC2)n1,4.301029995663981,inactive
CHEMBL2088106,Cc1cc(Nc2nc(NCc3ncccc3C)ncc2Br)n[nH]1,4.300000029139088,inactive
CHEMBL2147366,CNC(=O)[C@@H](Cc1c[nH]c2ccccc12)NC(=O)[C@H](CCC(=O)O)NC(=O)[C@H](Cc1ccccc1)NC(=O)[C@H](Cc1ccc(C(O)P(=O)(O)O)cc1)NC(=O)[C@H](CCC(=O)O)NC(C)=O,4.289882634888183,inactive
CHEMBL3421974,O=C(NC1CCCC1)c1ccc(-c2nccc(-c3c[nH]c4cnccc34)n2)cc1,4.169238161250293,inactive
CHEMBL43689,N#C/C(=C\c1ccc(O)cc1)c1ccccn1,4.137868620686962,inactive
CHEMBL2147367,CNC(=O)[C@@H](Cc1c[nH]c2ccccc12)NC(=O)[C@H](CCC(=O)O)NC(=O)[C@H](Cc1ccccc1)NC(=O)[C@H](Cc1ccc(C(O)P(=O)(O)O)cc1)NC(=O)[C@H](Cc1cccnc1)NC(C)=O,4.106793246940152,inactive
CHEMBL2088259,COc1cc(CCc2cc(Nc3ccnc(NCc4ccccn4)n3)n[nH]2)cc(OC)c1,4.100000018985305,inactive
CHEMBL1762181,C[C@H]1C(=O)N(c2ccc(S(=O)(=O)C(F)(F)F)cc2)C(=O)N1Cc1cccnc1,4.098541678603888,inactive
CHEMBL2147259,CNC(=O)[C@H](Cc1c[nH]c2cc(Cl)ccc12)NC(=O)[C@H](CCC(=O)O)NC(=O)[C@H](Cc1ccccc1)NC(=O)[C@H](Cc1ccc(C(O)P(=O)(O)O)cc1)NC(=O)[C@H](Cc1cccnc1)NC(C)=O,4.026872146400302,inactive
CHEMBL515982,C=C(CC[C@@H](C)[C@H]1CC[C@H]2[C@H](CCc3cc(O)ccc3C)[C@H](O)CC[C@@]21C)C(C)C,4.0,inactive
CHEMBL1762345,C[C@H]1C(=O)N(c2ccc(S(=O)(=O)C(F)(F)F)cc2)C(=O)N1Cc1cc[n+]([O-])c2ccccc12,4.0,inactive
CHEMBL4569508,O=C(NCC(F)(F)F)c1cc(-c2cnn3cc(-c4ccc(OCCN5CCCCC5)cc4)cnc23)cs1,4.0,inactive
CHEMBL1762182,C[C@H]1C(=O)N(c2ccc(S(=O)(=O)C(F)(F)F)cc2)C(=O)N1Cc1ccccn1,4.0,inactive
CHEMBL1762340,C[C@H]1C(=O)N(c2ccc(S(=O)(=O)C(F)(F)F)cc2)C(=O)N1Cc1cncc2ccccc12,4.0,inactive
CHEMBL464351,Cc1ccc(O)cc1CC[C@H]1[C@@H]2C[C@H](O)[C@H]([C@H](C)CCCC(C)C)[C@@]2(C)CC[C@H]1O,4.0,inactive
CHEMBL1762341,C[C@H]1C(=O)N(c2ccc(S(=O)(=O)C(F)(F)F)cc2)C(=O)N1Cc1c[nH]cn1,4.0,inactive
CHEMBL4550702,Cn1cc(-c2cnc3c(-c4csc(C(=O)NCC(F)(F)F)c4)cnn3c2)cn1,4.0,inactive
CHEMBL2088258,COCCCc1cc(Nc2ccnc(NCc3cc(C(N)=O)no3)n2)n[nH]1,4.0,inactive
CHEMBL1762343,C[C@H]1C(=O)N(c2ccc(S(=O)(=O)C(F)(F)F)cc2)C(=O)N1Cc1ccccc1,4.0,inactive
CHEMBL1762344,C[C@H]1C(=O)N(c2ccc(S(=O)(=O)C(F)(F)F)cc2)C(=O)N1Cc1cc[n+]([O-])cc1,4.0,inactive
CHEMBL456294,Cc1ccc(O)cc1CC[C@@H]1C(=O)CC[C@@]2(C)[C@H]1C[C@H](O)[C@@H]2[C@H](C)CCCC(C)C,4.0,inactive
CHEMBL4552628,Cc1sc(C(=O)N[C@@H]2[C@H](N)CCCC2(F)F)cc1-c1cnn2cc(Cl)cnc12,4.0,inactive
CHEMBL3361128,O=C1/C(=C\c2ccc(O)c(O)c2)Oc2ccccc21,4.0,inactive
CHEMBL3421962,CN1CCN(c2ccc(Nc3cc(-c4c[nH]c5cnccc45)ncn3)cc2)CC1,4.0,inactive
CHEMBL1762342,C[C@H]1C(=O)N(c2ccc(S(=O)(=O)C(F)(F)F)cc2)C(=O)N1CC1CCNCC1,4.0,inactive
CHEMBL3421980,Cc1nccc(-c2cn(Cc3ccccc3)c3cnccc23)n1,4.0,inactive
CHEMBL3358966,COc1cc(-c2nc(-c3c[nH]c4ccccc34)c[nH]c2=O)cc(OC)c1OC,4.0,inactive
CHEMBL1762151,C[C@H]1C(=O)N(c2ccc(S(C)(=O)=O)cc2)C(=O)N1Cc1ccnc2ccccc12,4.0,inactive
CHEMBL3421979,Cc1nccc(-c2c[nH]c3cnccc23)n1,4.0,inactive
CHEMBL3421965,COc1cc(N2CCN(C(C)=O)CC2)ccc1Nc1cc(-c2cn(C)c3cnccc23)ncn1,4.0,inactive
CHEMBL3421975,CS(=O)(=O)c1ccc(-c2nccc(-c3c[nH]c4cnccc34)n2)cc1,4.0,inactive
CHEMBL3353409,C=CC(=O)Nc1cc(Nc2ncc(C)c(-c3cn(C)c4ccccc34)n2)c(OC)cc1N(C)CCN(C)C,3.707743928643524,inactive
CHEMBL3353411,C=CC(=O)Nc1cc(Nc2nccc(-c3c[nH]c4ccccc34)n2)c(OC)cc1N(C)CCN(C)C,3.580044251510242,inactive
CHEMBL2147262,CNC(=O)[C@H](Cc1ccc(Cl)cc1)NC(=O)[C@H](CCC(=O)O)NC(=O)[C@H](Cc1ccccc1)NC(=O)[C@H](Cc1ccc(C(O)P(=O)(O)O)cc1)NC(=O)[C@H](Cc1cccnc1)NC(C)=O,3.3106911408763797,inactive
CHEMBL228043,C/C(O)=C(\C#N)C(=O)Nc1cc(Br)ccc1Br,3.3010299956639813,inactive
CHEMBL4213021,Nc1ccc2oc3nccc(NCc4cccc(Br)c4)c3c2c1,3.0,inactive
CHEMBL1276127,O=C1Nc2ccccc2/C1=C1/Nc2ccccc2C1=O,3.0,inactive
CHEMBL4209296,Nc1ccc2oc3nccc(NCc4ccc(Cl)cc4)c3c2c1,3.0,inactive
CHEMBL4202409,Nc1ccc2oc3nccc(NCc4ccc(Br)cc4)c3c2c1,3.0,inactive
CHEMBL4216200,COc1ccc(CNc2ccnc3oc4ccc(N)cc4c23)cc1,3.0,inactive
CHEMBL3353410,C=CC(=O)Nc1cc(Nc2nccc(-c3cn(C)c4ccccc34)n2)c(OC)cc1N(C)CCN(C)C,2.537602002101044,inactive
