molecule_chembl_id,target_chembl_id,canonical_smiles,standard_value_nM
CHEMBL1289926,CHEMBL1955,CNC(=O)c1ccccc1Sc1ccc2c(/C=C/c3ccccn3)n[nH]c2c1,0.1
CHEMBL3939307,CHEMBL1955,CNC(=O)c1ccccc1Sc1ccc2c(CCc3ccccn3)n[nH]c2c1,0.1
CHEMBL1940109,CHEMBL1955,COCCOc1cc2ncnc(Oc3cnn(CC(=O)Nc4cccc(OC)c4)c3)c2cc1OC,0.2
CHEMBL1289494,CHEMBL1955,COc1cc2nccc(Oc3ccc(NC(=O)Nc4cc(C)on4)c(Cl)c3)c2cc1OC,0.24
CHEMBL1940108,CHEMBL1955,COc1cccc(NC(=O)Cn2cc(Oc3ncnc4cc(OC)c(OC)cc34)cn2)c1,0.4
CHEMBL1668411,CHEMBL1955,COc1cc(O)c2c(c1)/C=C/C[C@@H](O)[C@H](O)C(=O)/C=C\C[C@H](C)OC2=O,0.5
CHEMBL2012519,CHEMBL1955,COc1cc(O)c2c(c1)CCC[C@H](O)[C@H](O)C(=O)/C=C\C[C@H](C)OC2=O,0.73
CHEMBL1173411,CHEMBL1955,COc1ccc(NC(=O)Nc2ccc3c(c2)NC(=O)/C3=C\c2[nH]cc(C(=O)O)c2C)cc1,0.8
CHEMBL388978,CHEMBL1955,CN[C@@H]1C[C@H]2O[C@@](C)([C@@H]1OC)n1c3ccccc3c3c4c(c5c6ccccc6n2c5c31)C(=O)NC4,0.9
CHEMBL495727,CHEMBL1955,O=C(Nc1c[nH]nc1-c1nc2ccc(CN3CCOCC3)cc2[nH]1)NC1CC1,1.0
CHEMBL3891581,CHEMBL1955,CN1CCC(c2ccc(Nc3ncc(Cl)c(CCc4ccccc4C4(C(N)=O)CC4)n3)cn2)CC1,1.0
CHEMBL4453304,CHEMBL1955,COc1cc(O)c2c(c1)-c1cccc(c1)[C@@H](O)[C@H](O)C(=O)/C=C\C[C@H](C)OC2=O,1.1
CHEMBL2180604,CHEMBL1955,Cc1cc(C(=O)Nc2cc(Oc3ccc4nc(NC(=O)C5CC5)cn4n3)ccc2C)n(C)n1,1.1
CHEMBL4303275,CHEMBL1955,CCn1c(N)c(C(=O)NC)c(=O)c2ccc(C#C[C@@](C)(O)COC)nc21,1.2
CHEMBL2180602,CHEMBL1955,CCN(CC)CCNC(=O)c1c(C)[nH]c2c1CCC/C2=C1/C(=O)Nc2ccc(F)cc21,1.3
CHEMBL2332119,CHEMBL1955,NC(=O)C1=C(N)C(=O)C=C(Nc2ccccc2O)C1=O,1.8
CHEMBL3644873,CHEMBL1955,CCn1c(N)c(C(=O)NC)c(=O)c2ccc(C#CC(C)(O)c3ccsc3)nc21,2.0
CHEMBL429743,CHEMBL1955,COc1cc2nccc(Oc3ccc4c(C(=O)Nc5ccc(Cl)cc5)cccc4c3)c2cc1OC,2.0
CHEMBL3908239,CHEMBL1955,CC(NC(=O)OC(C)(C)C)c1ccc(Nc2ncc(Cl)c(CCc3ccccc3C3(C(N)=O)CC3)n2)cc1,2.0
CHEMBL522892,CHEMBL1955,CN1CCN(c2ccc3nc(-c4c(N)c5c(F)cccc5[nH]c4=O)[nH]c3c2)CC1,2.512
CHEMBL1784637,CHEMBL1955,CNC(=O)c1ncc(C#Cc2cc(C(=O)Nc3ccc(CN4CCN(CCO)CC4)c(C(F)(F)F)c3)ccc2C)n1C,2.6
CHEMBL1230609,CHEMBL1955,COc1cc2c(Oc3ccc(NC(=O)C4(C(=O)Nc5ccc(F)cc5)CC4)cc3F)ccnc2cc1OCCCN1CCOCC1,2.8
CHEMBL502835,CHEMBL1955,COC(=O)c1ccc2c(c1)NC(=O)/C2=C(\Nc1ccc(N(C)C(=O)CN2CCN(C)CC2)cc1)c1ccccc1,3.0
CHEMBL525909,CHEMBL1955,COC(=O)c1ccc2c(c1)NC(=O)/C2=C(\Nc1ccc(N(CCCN(C)C)C(C)=O)cc1)c1ccccc1,3.0
CHEMBL3982717,CHEMBL1955,CN1CCC(n2cc(Nc3ncc(Cl)c(CCc4ccccc4C4(C(N)=O)CC4)n3)cn2)CC1,3.0
CHEMBL3959306,CHEMBL1955,NC(=O)C1(c2ccccc2CCc2nc(Nc3cn[nH]c3)ncc2Cl)CC1,3.0
CHEMBL491473,CHEMBL1955,COc1cc2c(Oc3ccc4[nH]c(C)cc4c3F)ncnc2cc1OCCCN1CCCC1,3.0
CHEMBL3894588,CHEMBL1955,COCCn1cc(Nc2ncc(Cl)c(CCc3ccccc3C3(C(N)=O)CC3)n2)cn1,3.0
CHEMBL3981577,CHEMBL1955,Cn1cc(Nc2ncc(Cl)c(CCc3ccccc3C(C)(C)C(N)=O)n2)cn1,3.0
CHEMBL3898744,CHEMBL1955,Cn1cc(Nc2ncc(C(F)(F)F)c(CCc3ccccc3C3(C(N)=O)CC3)n2)cn1,3.0
CHEMBL213504,CHEMBL1955,Nc1ncnc2snc(-c3ccc(NC(=O)Nc4cccc(C(F)(F)F)c4)cc3)c12,3.0
CHEMBL1336,CHEMBL1955,CNC(=O)c1cc(Oc2ccc(NC(=O)Nc3ccc(Cl)c(C(F)(F)F)c3)cc2)ccn1,3.0
CHEMBL390156,CHEMBL1955,CN1CCN(Cc2ccc3c(c2)Cc2c(-c4csc(C#CCOc5ccccc5)c4)n[nH]c2-3)CC1,3.0
CHEMBL2086760,CHEMBL1955,CCN1CCC(Nc2ccc3c(c2)C(=C(c2ccc(Cl)cc2)c2ncc[nH]2)C(=O)N3)CC1,3.2
CHEMBL223971,CHEMBL1955,COCCOCC#Cc1cc(-c2n[nH]c3c2Cc2ccc(Cn4cncn4)cc2-3)cs1,4.0
CHEMBL3918309,CHEMBL1955,Cn1cc(Nc2ncc(Cl)c(CCc3ccccc3C3(C(N)=O)CC3)n2)cn1,4.0
CHEMBL2079588,CHEMBL1955,CNC(=O)c1cc(COc2nnc(Nc3ccc(Cl)cc3)c3ccoc23)ccn1,4.0
CHEMBL3931510,CHEMBL1955,NC(=O)C1(c2ccccc2CCc2nc(Nc3cnn(CCO)c3)ncc2Cl)CC1,4.0
CHEMBL150894,CHEMBL1955,CC(C)OCc1ccc2c(c1)c1c3c(c4c(c1n2CCCO)Cc1ccccc1-4)C(=O)NC3,4.0
CHEMBL3911152,CHEMBL1955,CC(C)n1cc(Nc2ncc(Cl)c(CCc3ccccc3C3(C(N)=O)CC3)n2)cn1,4.0
CHEMBL3764474,CHEMBL1955,Cn1ccnc1-c1cc2c(Oc3ccc(NC(=S)NC(=O)Cc4ccccc4)cc3F)ccnc2s1,4.0
CHEMBL376951,CHEMBL1955,Cc1cccc(NC(=O)Nc2ccc(-c3nsc4ncnc(N)c34)cc2)c1,4.0
CHEMBL4075720,CHEMBL1955,CN1CCN(Cc2ccc(NC(=O)c3n[nH]cc3Nc3ncnc4sccc34)cc2)CC1,4.5
CHEMBL3426917,CHEMBL1955,[2H]C([2H])([2H])Oc1cc2nccc(Oc3ccc(NC(=O)Nc4cc(C)on4)c(Cl)c3)c2cc1OC([2H])([2H])[2H],4.55
CHEMBL498265,CHEMBL1955,COC(=O)c1ccc2c(c1)NC(=O)/C2=C(\Nc1ccc(N(CCN(C)C)C(C)=O)cc1)c1ccccc1,5.0
CHEMBL1940110,CHEMBL1955,COCCOc1cc2c(Oc3cnn(CC(=O)Nc4cccc(OC)c4)c3)ncnc2cc1OC,5.0
CHEMBL1940268,CHEMBL1955,CCc1cc(NC(=O)Cc2ccc(Oc3ncnc4cc(OC)c(OC)cc34)cc2)n[nH]1,5.0
CHEMBL453737,CHEMBL1955,COc1cc2c(Oc3ccc(-c4cnc(Nc5ccc(F)cc5)n(C)c4=O)cc3F)ccnc2cc1OCCCN1CCOCC1,5.0
CHEMBL1082829,CHEMBL1955,CCCCn1c2ccc(C3CCCCO3)cc2c2c3c(c4c(c21)CCc1nn(C)cc1-4)C(=O)NC3,5.0
CHEMBL3644871,CHEMBL1955,CNC(=O)c1c(N)n(C2CCCCC2)c2nc(C#CC(C)(O)COC)ccc2c1=O,5.0
CHEMBL201511,CHEMBL1955,COc1cc(C2=C(c3c[nH]c4ccccc34)C(=O)NC2=O)cc(OC)c1OC,5.0
CHEMBL3973562,CHEMBL1955,Cc1cnc(Nc2cnn(C)c2)nc1CCc1ccccc1C1(C(N)=O)CC1,5.0
CHEMBL1289601,CHEMBL1955,COc1cc2nccc(Oc3ccc(NC(=O)NC4CC4)c(Cl)c3)c2cc1C(N)=O,5.2
CHEMBL3765306,CHEMBL1955,CC1=[N+](c2ccccc2)C(=O)C(C(=O)Nc2ccc(Oc3ccc4nc(NC(=O)C5CC5)cn4c3)c(F)c2)C=C1.Cl,5.5
CHEMBL1173107,CHEMBL1955,Cc1[nH]c(/C=C2\C(=O)Nc3cc(NC(=O)Nc4ccccc4)ccc32)c(C)c1C(=O)O,5.8
CHEMBL3963494,CHEMBL1955,NC(=O)C1(c2ccccc2CCc2nc(Nc3cnn(C4CNC4)c3)ncc2Cl)CC1,6.0
CHEMBL3628808,CHEMBL1955,O=C(Nc1ccc(Oc2ncnc3sccc23)cc1)Nc1cccc(Br)c1,6.0
CHEMBL2105717,CHEMBL1955,COc1cc2nccc(Oc3ccc(NC(=O)C4(C(=O)Nc5ccc(F)cc5)CC4)cc3)c2cc1OC,6.0
CHEMBL572881,CHEMBL1955,CC1(C)CNc2cc(NC(=O)c3cccnc3NCc3ccncc3)ccc21,6.0
CHEMBL498088,CHEMBL1955,COC(=O)c1ccc2c(c1)NC(=O)/C2=C(\Nc1ccc(N(CC(=O)N(C)C)C(C)=O)cc1)c1ccccc1,6.0
CHEMBL3644865,CHEMBL1955,CCn1c(N)c(C(=O)NC)c(=O)c2ccc(C#CC(C)(O)c3cccc(OC)c3)nc21,6.0
CHEMBL3928029,CHEMBL1955,CN1CCC(n2cc(Nc3ncc(C(F)(F)F)c(CCc4ccccc4C4(C(N)=O)CC4)n3)cn2)CC1,7.0
CHEMBL1940112,CHEMBL1955,COc1cccc(NC(=O)Cn2cc(Oc3ncnc4cc(OCCN5CCCC5)c(OC)cc34)cn2)c1,7.0
CHEMBL3907640,CHEMBL1955,NC(=O)C1(c2ccccc2CCc2nc(Nc3cnn(C4CCNCC4)c3)ncc2C(F)(F)F)CC1,7.0
CHEMBL524453,CHEMBL1955,COC(=O)c1ccc2c(c1)NC(=O)/C2=C(\Nc1ccc(N(C)C(=O)Cn2ccnc2)cc1)c1ccccc1,7.0
CHEMBL3628807,CHEMBL1955,O=C(Nc1ccc(Oc2ncnc3ccccc23)cc1)Nc1cccc(Br)c1,7.0
CHEMBL3918369,CHEMBL1955,Cc1n[nH]cc1Nc1ncc(Cl)c(CCc2ccccc2C2(C(N)=O)CC2)n1,7.0
CHEMBL3893827,CHEMBL1955,NC(=O)C1(c2ccccc2CCc2nc(Nc3cnn(C4CCNC4)c3)ncc2Cl)CC1,7.0
CHEMBL3891977,CHEMBL1955,NC(=O)C1(c2ccccc2CCc2nc(Nc3cnn(CC(F)F)c3)ncc2Cl)CC1,7.0
CHEMBL3970373,CHEMBL1955,CN1CCC(n2cc(Nc3ncc(Cl)c(CCc4ccccc4C4(C(N)=O)CC4)n3)cn2)C1,7.0
CHEMBL247228,CHEMBL1955,Nc1ncnc2occ(-c3ccc(NC(=O)Nc4cc(C(F)(F)F)ccc4F)cc3)c12,7.586
CHEMBL4589270,CHEMBL1955,COc1cc2ncnc(Nc3ccc4c(c3)CCCN4C(=O)Nc3cccc(Cl)c3)c2cc1OC,7.8
CHEMBL3938170,CHEMBL1955,NC(=O)C1(c2ccccc2CCc2nc(Nc3cnn(CC(F)(F)F)c3)ncc2Cl)CC1,8.0
CHEMBL3963900,CHEMBL1955,COc1ccc(Nc2ncc(C(F)(F)F)c(CCc3ccccc3C3(C(N)=O)CC3)n2)cn1,8.0
CHEMBL1940274,CHEMBL1955,COc1cc2ncnc(Oc3ccc(CC(=O)Nc4cnn(C(C)C)c4)cc3)c2cc1OC,8.0
CHEMBL3922174,CHEMBL1955,NC(=O)C1(c2ccccc2CCc2nc(Nc3cccnc3)ncc2Cl)CC1,8.0
CHEMBL1940259,CHEMBL1955,COc1cccc(NC(=O)Cc2ccc(Oc3ncnc4cc(OC)c(OC)cc34)cc2)c1,8.0
CHEMBL4447631,CHEMBL1955,Cc1cnc(Nc2ccc(N3CCC(N(C)CCO)CC3)c(F)c2)nc1-c1cnn(C(C)C)c1,8.0
CHEMBL1172886,CHEMBL1955,O=C(Nc1ccc(Cl)cc1)Nc1ccc2c(c1)NC(=O)/C2=C\c1ccc[nH]1,8.7
CHEMBL535,CHEMBL1955,CCN(CC)CCNC(=O)c1c(C)[nH]c(/C=C2\C(=O)Nc3ccc(F)cc32)c1C,8.9
CHEMBL3970712,CHEMBL1955,CC(C(N)=O)c1ccccc1CCc1nc(Nc2cnn(C3CCN(C)CC3)c2)ncc1Cl,9.0
CHEMBL3948670,CHEMBL1955,CN1CCC(c2ccc(Nc3ncc(C(F)(F)F)c(CCc4ccccc4C4(C(N)=O)CC4)n3)cc2)CC1,9.0
CHEMBL1084337,CHEMBL1955,CC(C)Cn1c2ccc(C3CCCCO3)cc2c2c3c(c4c(c21)CCc1nn(C)cc1-4)C(=O)NC3,9.0
CHEMBL3960972,CHEMBL1955,CC(C(N)=O)c1ccccc1CCc1nc(Nc2cn[nH]c2)ncc1Cl,9.0
CHEMBL2018882,CHEMBL1955,COc1cc2ncnc(Oc3ccc(NC(=O)Nc4cccc(Br)c4)cc3)c2cc1OC,9.0
CHEMBL3954050,CHEMBL1955,NC(=O)C1(c2ccccc2CCc2nc(Nc3cnn(C4CCNCC4)c3)ncc2Cl)CC1,9.0
CHEMBL4452766,CHEMBL1955,COc1cc(O)c2c(c1)-c1cccc(c1)[C@H](O)[C@@H](O)C(=O)/C=C\C[C@H](C)OC2=O,9.2
CHEMBL1934327,CHEMBL1955,CN1CCC(COc2ccc3c(Nc4ccc(NC(=O)Nc5cccc(F)c5)cc4)ncnc3c2)CC1,9.6
CHEMBL4069394,CHEMBL1955,COC(=O)c1ccc2c(c1)NC(=O)/C2=C(\Nc1ccc(-n2cccc2CN(C)C)cc1)c1ccccc1,9.6
CHEMBL4530473,CHEMBL1955,COc1cc(O)c2c(c1)-c1cccc(c1)[C@@H](O)[C@H](O)C(=O)C/C=C/[C@H](C)OC2=O,9.9
CHEMBL3893200,CHEMBL1955,CN1CCC(c2ccc(Nc3ncc(Cl)c(CCc4ccccc4C4(C(N)=O)CC4)n3)cc2)CC1,10.0
CHEMBL2443138,CHEMBL1955,CN1CCC(NC(=O)c2cc(-c3c(O)cc(O)cc3Oc3ccc(N(C)C)cc3)on2)CC1,10.0
CHEMBL2443026,CHEMBL1955,CN(C)c1ccc(Oc2cc(O)cc(O)c2-c2cc(C(=O)NC3CCN(C4CCC5(CC4)OCCO5)CC3)no2)cc1,10.0
CHEMBL2443044,CHEMBL1955,CN1CCC(NC(=O)c2cc(-c3c(O)cc(O)cc3Oc3ccc([N+](=O)[O-])cc3)on2)CC1,10.0
CHEMBL498266,CHEMBL1955,COC(=O)c1ccc2c(c1)NC(=O)/C2=C(\Nc1ccc(N(CCN(C)C)S(C)(=O)=O)cc1)c1ccccc1,10.0
CHEMBL3909401,CHEMBL1955,NC(=O)C1(c2ccccc2CCc2nc(Nc3ccc(C4CCNCC4)cc3)ncc2C(F)(F)F)CC1,10.0
CHEMBL2220486,CHEMBL1955,CNC(=O)c1cccc2cc(Oc3ccnc4cc(OCC5(N)CC5)c(OC)cc34)ccc12,10.0
CHEMBL3917694,CHEMBL1955,NC(=O)C1(c2ccccc2CCc2nc(Nc3ccc(C4CCNCC4)cc3)ncc2Cl)CC1,10.0
CHEMBL3913725,CHEMBL1955,CC(=O)NC(C)c1ccc(Nc2ncc(C(F)(F)F)c(CCc3ccccc3C3(C(N)=O)CC3)n2)cc1,10.0
CHEMBL2180605,CHEMBL1955,CNC(=O)c1cccc2cc(Oc3ccnc4cc(OCC5(N)CC5)c(OC)cc34)ccc12.Cl,10.0
CHEMBL258015,CHEMBL1955,CO/N=C(\C)c1ccc2c(c1)c1c3c(c4c(c1n2CC(C)C)CCc1nn(C)cc1-4)C(=O)NC3,10.0
CHEMBL2443139,CHEMBL1955,CC(C)Nc1ccc(Oc2cc(O)cc(O)c2-c2cc(C(=O)NC3CCN(C)CC3)no2)cc1,10.0
CHEMBL525203,CHEMBL1955,COC(=O)c1ccc2c(c1)NC(=O)/C2=C(\Nc1ccc(CN(C)C(=O)N(C)C)cc1)c1ccccc1,10.0
CHEMBL3981765,CHEMBL1955,NC(=O)C1(c2ccccc2CCc2nc(Nc3ccccc3)ncc2Cl)CC1,11.0
CHEMBL3980022,CHEMBL1955,NC(=O)C1(c2ccccc2CCc2nc(Nc3ccc(C4CCNCC4)nc3)ncc2Cl)CC1,11.0
CHEMBL1173150,CHEMBL1955,COc1ccc(NC(=O)Nc2ccc3c(c2)NC(=O)/C3=C\c2[nH]c(C)c(CC(=O)O)c2C)cc1,11.0
CHEMBL3109738,CHEMBL1955,COc1cc2ncnc3c2cc1OCCCCCN(C)Cc1ccc(Br)cc1N3,11.0
CHEMBL3925575,CHEMBL1955,Cc1nn(C)cc1Nc1ncc(Cl)c(CCc2ccccc2C2(C(N)=O)CC2)n1,12.0
CHEMBL3944075,CHEMBL1955,Cc1cnc(Nc2cnn(C3CCN(C)CC3)c2)nc1CCc1ccccc1C1(C(N)=O)CC1,12.0
CHEMBL3906184,CHEMBL1955,CC(C(N)=O)c1ccccc1CCc1nc(Nc2cnn(C3CCNCC3)c2)ncc1Cl,12.0
CHEMBL1940273,CHEMBL1955,CCn1cc(NC(=O)Cc2ccc(Oc3ccnc4cc(OC)c(OC)cc34)cc2)cn1,12.0
CHEMBL223360,CHEMBL1955,Cc1ccc(F)c(NC(=O)Nc2ccc(-c3cccc4[nH]nc(N)c34)cc2)c1,12.59
CHEMBL1173149,CHEMBL1955,COc1ccc(NC(=O)Nc2ccc3c(c2)NC(=O)/C3=C\c2ccc[nH]2)cc1,12.8
CHEMBL1172838,CHEMBL1955,O=C(Nc1ccc(-c2ccc3ccccc3c2)cc1)Nc1ccc2c(c1)NC(=O)/C2=C\c1ccc[nH]1,13.0
CHEMBL1173541,CHEMBL1955,COc1ccc(NC(=O)Nc2ccc3c(c2)NC(=O)/C3=C\c2[nH]c(C)c(CCC(=O)O)c2C)cc1,13.0
CHEMBL3949389,CHEMBL1955,Cc1cnc(Nc2cn[nH]c2)nc1CCc1ccccc1C1(C(N)=O)CC1,13.0
CHEMBL3039504,CHEMBL1955,CCS(=O)(=O)O.COC(=O)c1ccc2c(c1)NC(=O)/C2=C(\Nc1ccc(N(C)C(=O)CN2CCN(C)CC2)cc1)c1ccccc1,13.0
CHEMBL196363,CHEMBL1955,Cc1cccc(NC(=O)Nc2ccc(-c3csc4ncnc(N)c34)cc2)c1,13.0
CHEMBL518051,CHEMBL1955,CS(=O)(=O)O.O=C(Nc1cccc(Cl)c1)Nc1ncc(CCN=c2[nH]cnc3ccsc23)s1,14.0
CHEMBL3644870,CHEMBL1955,CCn1c(N)c(C(=O)NC)c(=O)c2ccc(C#CC(C)(O)c3ccccc3)nc21,14.0
CHEMBL3890328,CHEMBL1955,CC(N)c1ccc(Nc2ncc(Cl)c(CCc3ccccc3C3(C(N)=O)CC3)n2)cc1,14.0
CHEMBL4539051,CHEMBL1955,COc1cccc(NC(=O)N2CCCc3cc(Nc4ncnc5cc(OC)c(OC)cc45)ccc32)c1,14.2
CHEMBL3986746,CHEMBL1955,Cc1cnc(Nc2cnn(C)c2)nc1CCc1ccccc1C(C)C(N)=O,15.0
CHEMBL3975577,CHEMBL1955,CC(C(N)=O)c1ccccc1CCc1nc(Nc2cnn(C)c2)ncc1C(F)(F)F,15.0
CHEMBL398610,CHEMBL1955,CCOc1cccc2c1c(/C=C1\C(=O)NN=C1c1snnc1C)cn2C,16.0
CHEMBL3933224,CHEMBL1955,CC(C(N)=O)c1ccccc1CCc1nc(Nc2cnn(C)c2)ncc1Cl,16.0
CHEMBL3946260,CHEMBL1955,CC(C(N)=O)c1ccccc1CCc1nc(Nc2cn[nH]c2)ncc1C(F)(F)F,17.0
CHEMBL4548316,CHEMBL1955,COc1cc2ncnc(Nc3ccc4c(c3)CCCN4C(=O)Nc3ccc(C(C)=O)cc3)c2cc1OC,17.3
CHEMBL153843,CHEMBL1955,O=C(Nc1cccc(C(F)(F)F)c1)c1ccccc1NCc1ccncc1,18.0
CHEMBL4165429,CHEMBL1955,COC(=O)c1ccc2c(c1)NC(=O)/C2=C(\Nc1ccc2[nH]c(C(=O)N3CCN(C)CC3)cc2c1)c1ccccc1,18.2
CHEMBL3895625,CHEMBL1955,C[C@H](C(N)=O)c1ccccc1CCc1nc(Nc2cnn(C3CCN(C)CC3)c2)ncc1C(F)(F)F,19.0
CHEMBL1258913,CHEMBL1955,O=C(Nc1n[nH]c2cc(C(=O)N[C@H](CN3CCCC3)c3ccccc3)sc12)c1ccc(N2CCOCC2)cc1,19.0
CHEMBL4281823,CHEMBL1955,CCn1cc(-c2ccc3c(c2)CCN3C(=O)Cc2cccc(OC(F)(F)F)c2)c2c(N)ncnc21,20.0
CHEMBL3899188,CHEMBL1955,NC(=O)C1(c2ccccc2CCc2nc(Nc3ccnnc3)ncc2Cl)CC1,20.0
CHEMBL605957,CHEMBL1955,COc1cc(C2=C(c3c[nH]c4ccc(Br)cc34)C(=O)NC2=O)cc(OC)c1OC,21.0
CHEMBL3644863,CHEMBL1955,CCn1c(N)c(C(=O)NC)c(=O)c2ccc(C#CC3(O)CCC3)nc21,21.0
CHEMBL1940118,CHEMBL1955,COc1cc2ncnc(Oc3ccc(CC(=O)Nc4ccc(N(C)C)cn4)cc3)c2cc1OC,22.0
CHEMBL3967214,CHEMBL1955,CC(=O)N1CCC(n2cc(Nc3ncc(C(F)(F)F)c(CCc4ccccc4C(C)C(N)=O)n3)cn2)CC1,22.0
CHEMBL3903877,CHEMBL1955,NC(=O)C1(c2ccccc2CCc2nc(Nc3ccc(C4CNC4)cc3)ncc2C(F)(F)F)CC1,22.0
CHEMBL3892486,CHEMBL1955,CC(N)c1ccc(Nc2ncc(C(F)(F)F)c(CCc3ccccc3C3(C(N)=O)CC3)n2)cc1,22.0
CHEMBL1173482,CHEMBL1955,O=C(Nc1ccccc1)Nc1ccc2c(c1)NC(=O)/C2=C\c1ccc[nH]1,22.4
CHEMBL214258,CHEMBL1955,Nc1ncnc2snc(-c3ccc(NC(=O)Nc4cc(C(F)(F)F)ccc4F)cc3)c12,23.0
CHEMBL4533447,CHEMBL1955,COc1cc(O)c2c(c1)-c1cccc(c1)[C@H](O)[C@H](O)C(=O)/C=C\C[C@H](C)OC2=O,23.0
CHEMBL3644872,CHEMBL1955,CCn1c(N)c(C(=O)NC)c(=O)c2ccc(C#CC(C)(O)COC)nc21,23.0
CHEMBL3644860,CHEMBL1955,CCn1c(N)c(C(=O)NC)c(=O)c2ccc(C#CC(C)(C)O)nc21,23.0
CHEMBL4113489,CHEMBL1955,O=C(O)C1(c2ccccc2CCc2nc(Nc3ccc(C4CCNCC4)cc3)ncc2C(F)(F)F)CCC1,23.0
CHEMBL3926124,CHEMBL1955,Cc1cnc(Nc2ccc(C3CCN(C)CC3)nc2)nc1CCc1ccccc1C1(C(N)=O)CC1,23.0
CHEMBL4163870,CHEMBL1955,Cc1nc2c(c(Nc3c[nH]nc3C(=O)Nc3ccc(N4CCNCC4)cc3)n1)CCC2,23.01
CHEMBL4204920,CHEMBL1955,CCCNC(=O)c1cc(Oc2ccc(NC(=O)c3cc4cccnc4n(-c4ccc(F)cc4)c3=O)cc2)ccn1,23.6
CHEMBL465015,CHEMBL1955,COC(=O)c1ccc2c(c1)NC(=O)/C2=C(\Nc1ccc(NC(=O)CN2CCN(C)CC2)cc1)c1ccccc1,24.0
CHEMBL4114236,CHEMBL1955,Cc1cnc(Nc2cnn(C)c2)nc1CCc1ccccc1[C@@H](C)C(N)=O,25.0
CHEMBL1940104,CHEMBL1955,COc1cccc(NC(=O)Cn2cc(Nc3ncnc4cc(OC)c(OC)cc34)cn2)c1,25.0
CHEMBL3908745,CHEMBL1955,NC(=O)C1(c2ccccc2CCc2nc(Nc3ccc(C(F)(F)F)nc3)ncc2Cl)CC1,26.0
CHEMBL3900906,CHEMBL1955,CC(C(N)=O)c1ccccc1CCc1nc(Nc2cnn(C3CCN(C)CC3)c2)ncc1C(F)(F)F,27.0
CHEMBL4515000,CHEMBL1955,COc1cc(O)c2c(c1)-c1cccc(c1)CCC(=O)/C=C\C[C@H](C)OC2=O,27.0
CHEMBL3950340,CHEMBL1955,CC(C(N)=O)c1ccccc1CCc1nc(Nc2cnn(C3CCNCC3)c2)ncc1C(F)(F)F,27.0
CHEMBL3931458,CHEMBL1955,NC(=O)C1(c2ccccc2CCc2nc(Nc3ccc(C4CCNCC4)nc3)ncc2C(F)(F)F)CC1,28.0
CHEMBL3938508,CHEMBL1955,CC(C(N)=O)c1ccccc1CCc1nc(Nc2ccc(C3CCN(C)CC3)nc2)ncc1C(F)(F)F,28.0
CHEMBL1940272,CHEMBL1955,CCn1cc(NC(=O)Cc2ccc(Oc3ncnc4cc(OC)c(OC)cc34)cc2)cn1,29.0
CHEMBL597492,CHEMBL1955,COc1cc(C2=C(c3c[nH]c4ccc(I)cc34)C(=O)NC2=O)cc(OC)c1OC,29.51
CHEMBL3355065,CHEMBL1955,CNc1cc2ccc(C#CCOc3ccc(CN4CCNCC4)c(C(F)(F)F)c3)cc2cn1,30.0
CHEMBL1940113,CHEMBL1955,COc1cccc(NC(=O)Cn2cc(Oc3ncnc4cc(OC)cc(OC)c34)cn2)c1,30.0
CHEMBL3957259,CHEMBL1955,CC(C(N)=O)c1ccccc1CCc1nc(Nc2ccc(C3CCNCC3)nc2)ncc1Cl,31.0
CHEMBL4112177,CHEMBL1955,C[C@@H](C(N)=O)c1ccccc1CCc1nc(Nc2cnn(C3CCNCC3)c2)ncc1C(F)(F)F,31.0
CHEMBL1940111,CHEMBL1955,COc1cccc(NC(=O)Cn2cc(Oc3ncnc4cc(OC)c(OCCN5CCCCC5)cc34)cn2)c1,31.0
CHEMBL3892658,CHEMBL1955,CC(C(N)=O)c1ccccc1CCc1nc(Nc2ccc(C3CCN(C)CC3)nc2)ncc1Cl,32.0
CHEMBL497049,CHEMBL1955,COC(=O)c1ccc2c(c1)NC(=O)/C2=C(\Nc1ccc(CN2CCCCC2)cc1)c1ccccc1,32.0
CHEMBL1173174,CHEMBL1955,COc1ccc(NC(=O)Nc2ccc3c(c2)NC(=O)/C3=C\c2[nH]c(C)c(C(=O)O)c2C)cc1,32.9
CHEMBL3644866,CHEMBL1955,CNC(=O)c1c(N)n(C2CCOCC2)c2nc(C#CC(C)(O)COC)ccc2c1=O,34.0
CHEMBL1172422,CHEMBL1955,Cc1[nH]c(/C=C2\C(=O)Nc3cc(NC(=O)Nc4ccccc4)ccc32)c(C)c1CC(=O)O,34.0
CHEMBL1940116,CHEMBL1955,CCn1cc(NC(=O)Cn2cc(Oc3ncnc4cc(OC)c(OC)cc34)cn2)cn1,35.0
CHEMBL529663,CHEMBL1955,COc1cc(C2=C(c3c[nH]c4ccccc34)CNC2=O)cc(OC)c1OC,37.0
CHEMBL4160854,CHEMBL1955,Nc1n[nH]c2cccc(-c3ccc(NC(=S)Nc4cc(Br)ccc4OC(F)(F)F)cc3)c12,37.0
CHEMBL3644862,CHEMBL1955,CCn1c(N)c(C(=O)NC)c(=O)c2ccc(C#CC(O)C3CC3)nc21,37.0
CHEMBL4110384,CHEMBL1955,C[C@@H](C(N)=O)c1ccccc1CCc1nc(Nc2cnn(C3CCN(C)CC3)c2)ncc1C(F)(F)F,38.0
CHEMBL3970850,CHEMBL1955,NC(=O)C1(c2ccccc2CCc2nc(Nc3cncnc3)ncc2Cl)CC1,39.0
CHEMBL1172420,CHEMBL1955,Cc1ccc(NC(=O)Nc2ccc3c(c2)NC(=O)/C3=C\c2[nH]c(C)c(C(=O)O)c2C)cc1,39.0
CHEMBL1940107,CHEMBL1955,COc1cc2ncnc(Oc3cnn(CC(=O)Nc4ccc(N(C)C)cn4)c3)c2cc1OC,39.0
CHEMBL290352,CHEMBL1955,CCSCc1ccc2c(c1)c1c3c(c4c5cc(CSCC)ccc5n5c4c1n2[C@H]1C[C@](O)(C(=O)OC)[C@]5(C)O1)CNC3=O,39.0
CHEMBL3644867,CHEMBL1955,CNC(=O)c1c(N)n(CC2CCCO2)c2nc(C#CC(C)(C)O)ccc2c1=O,40.0
CHEMBL3116050,CHEMBL1955,C[C@H](Nc1nc(Nc2cn(C)cn2)c2cc[nH]c2n1)c1ncc(F)cn1,40.0
CHEMBL3913700,CHEMBL1955,Cc1cnc(Nc2cnn(C)c2)nc1CCc1ccccc1[C@H](C)C(N)=O,41.0
CHEMBL1172421,CHEMBL1955,Cc1[nH]c(/C=C2\C(=O)Nc3cc(NC(=O)Nc4ccc(Cl)cc4)ccc32)c(C)c1C(=O)O,42.0
CHEMBL3644869,CHEMBL1955,CCn1c(N)c(C(=O)NC)c(=O)c2ccc(C#CC(C)(O)CO)nc21,43.0
CHEMBL4063500,CHEMBL1955,CN(C)C(=O)c1cc2cnc(Nc3ccc(NC(=O)CCCCCCC(=O)NO)cc3)nc2n1C1CCCC1,43.0
CHEMBL3971001,CHEMBL1955,CC(C(N)=O)c1ccccc1CCc1nc(Nc2cccnc2)ncc1Cl,44.0
CHEMBL3920100,CHEMBL1955,CC(=O)c1ccc(Nc2ncc(Cl)c(CCc3ccccc3C3(C(N)=O)CC3)n2)cn1,44.0
CHEMBL3915153,CHEMBL1955,Cc1ccc(Nc2ncc(Cl)c(CCc3ccccc3C(C)C(N)=O)n2)cn1,45.0
CHEMBL4171543,CHEMBL1955,C=CC(=O)Nc1ccc(-c2ccc(NC(=O)Nc3cccc(Cl)c3)cc2)cn1,45.0
CHEMBL477772,CHEMBL1955,Cc1ccc(Nc2nccc(N(C)c3ccc4c(C)n(C)nc4c3)n2)cc1S(N)(=O)=O,46.0
CHEMBL4213341,CHEMBL1955,Cc1c2ccc(N(C)c3ccnc(Nc4ccc(C(=O)Nc5ccccc5N)cc4)n3)cc2nn1C,46.0
CHEMBL3644861,CHEMBL1955,CCn1c(N)c(C(=O)NC)c(=O)c2ccc(C#CC3(O)CCCC3)nc21,46.0
CHEMBL3901596,CHEMBL1955,Cc1cnc(Nc2ccc(C(C)N)cc2)nc1CCc1ccccc1C1(C(N)=O)CC1,46.0
CHEMBL3937825,CHEMBL1955,Cc1cc(Nc2ncc(Cl)c(CCc3ccccc3C3(C(N)=O)CC3)n2)n[nH]1,47.0
CHEMBL3628797,CHEMBL1955,O=C(Nc1ccc(Nc2ncnc3ccccc23)cc1)Nc1cccc(Br)c1,47.0
CHEMBL3948616,CHEMBL1955,[C-]#[N+]c1ccc(Nc2ncc(Cl)c(CCc3ccccc3C3(C(N)=O)CC3)n2)cn1,48.0
CHEMBL2064666,CHEMBL1955,COc1c(Nc2ncc(Cl)c(N[C@H]3[C@@H](C(N)=O)[C@@H]4C=C[C@H]3C4)n2)ccc2c1CC[C@@H](N1CCOCC1)CC2,48.0
CHEMBL276711,CHEMBL1955,Cc1cc(C)c(/C=C2\C(=O)Nc3ccccc32)[nH]1,50.0
CHEMBL1940103,CHEMBL1955,COc1cc2ncnc(Nc3cnn(CC(=O)Nc4cccc(F)c4)c3)c2cc1OC,51.0
CHEMBL347537,CHEMBL1955,O=C(Nc1cccc(-c2cncc3ccccc23)c1)c1ccccc1NCc1ccncc1,52.0
CHEMBL253969,CHEMBL1955,NC(=O)c1c(OCc2c(F)cc(Br)cc2F)nsc1NC(=O)NCCCCN1CCCC1,54.2
CHEMBL1940115,CHEMBL1955,COc1cccc(NC(=O)Cn2cc(Oc3ccnc4cc(OC)c(OC)cc34)cn2)c1,57.0
CHEMBL525550,CHEMBL1955,COC(=O)c1ccc2c(c1)NC(=O)/C2=C(\Nc1ccc(C(=O)N(C)CCN(C)C)cc1)c1ccccc1,59.0
CHEMBL3986325,CHEMBL1955,CC(N)c1ccc(Nc2ncc(Cl)c(CCc3ccccc3C3(C(N)=O)CC3)n2)cn1,60.0
CHEMBL3892145,CHEMBL1955,CN1CCC(c2ccc(Nc3ncc(C(F)(F)F)c(CCc4ccccc4C4(C(N)=O)CC4)n3)cn2)CC1,63.0
CHEMBL2151321,CHEMBL1955,CC(C)Oc1cc(-n2cnc3ccc(N[C@@H](C)c4ccc(F)cn4)nc32)n[nH]1,64.0
CHEMBL3983276,CHEMBL1955,CC(NC(=O)OC(C)(C)C)c1ccc(Nc2ncc(C(F)(F)F)c(CCc3ccccc3C3(C(N)=O)CC3)n2)cc1,64.0
CHEMBL1090360,CHEMBL1955,O=C(Cc1ccccc1)Nc1cccc(-c2nc3sccn3c2-c2ccnc(Nc3cccc(N4CCOCC4)c3)n2)c1,65.0
CHEMBL3644868,CHEMBL1955,CNC(=O)c1c(N)n(Cc2ccccn2)c2nc(C#CC(C)(O)COC)ccc2c1=O,65.0
CHEMBL606168,CHEMBL1955,COc1cc(C2=C(c3c[nH]c4ccc(F)cc34)C(=O)NC2=O)cc(OC)c1OC,66.0
CHEMBL262433,CHEMBL1955,Cc1ccc(F)c(NC(=O)Nc2ccc(-c3nsc4ncnc(N)c34)cc2)c1,68.0
CHEMBL1172887,CHEMBL1955,O=C(Nc1ccc(Oc2ccccc2)cc1)Nc1ccc2c(c1)NC(=O)/C2=C\c1ccc[nH]1,68.0
CHEMBL595615,CHEMBL1955,COc1cc2c(Nc3ccc(-c4nc5ccccc5s4)cc3)ncnc2cc1OCCCN1CCN(C)CC1,69.0
CHEMBL1081198,CHEMBL1955,O=C(Nc1cccc(-c2cn3ccnc3c(NCc3ccncc3)n2)c1)Nc1cccc(C(F)(F)F)c1,71.0
CHEMBL4072731,CHEMBL1955,Cc1cc(NC(=O)Nc2ccc(-c3ccnc4[nH]nc(C)c34)cc2)ccc1N1CCOCC1,72.0
CHEMBL3753341,CHEMBL1955,CC(C)n1nc(-c2cc(C3CC3)on2)c2c(N)ncnc21,72.0
CHEMBL498105,CHEMBL1955,COC(=O)c1ccc2c(c1)NC(=O)/C2=C(\Nc1ccc(CN(C)C)cc1)c1ccccc1,73.0
CHEMBL1090479,CHEMBL1955,CCn1cc(-c2ccnc3[nH]c(-c4cccc(CN(C)C)c4)cc23)c(-c2ccc(NC(=O)N(C)C)cc2)n1,74.0
CHEMBL3918323,CHEMBL1955,CC[C@H](C(N)=O)c1ccccc1CCc1nc(Nc2ccc(C3CCNCC3)cc2)ncc1C(F)(F)F,75.0
CHEMBL1822792,CHEMBL1955,CN(C[C@@H]1COCCO1)S(=O)(=O)Nc1ccc2ccc3ncc(-c4cnn(C)c4)cc3c(=O)c2c1,78.0
CHEMBL3970470,CHEMBL1955,CCN1CCC(n2cc(Nc3ncc(C(F)(F)F)c(CCc4ccccc4C(C)C(N)=O)n3)cn2)CC1,86.0
CHEMBL381207,CHEMBL1955,Cc1sc2ncnc(N)c2c1-c1ccc(NC(=O)Nc2cc(C(F)(F)F)ccc2F)cc1,87.0
CHEMBL1172837,CHEMBL1955,O=C(Nc1ccc(-c2ccccc2)cc1)Nc1ccc2c(c1)NC(=O)/C2=C\c1ccc[nH]1,88.0
CHEMBL3938601,CHEMBL1955,CC(C(N)=O)c1ccccc1CCc1nc(Nc2cnn(C3CCN(C(C)C)CC3)c2)ncc1C(F)(F)F,89.0
CHEMBL3946227,CHEMBL1955,CCC(C(N)=O)c1ccccc1CCc1nc(Nc2ccc(C3CCNCC3)cc2)ncc1C(F)(F)F,91.0
CHEMBL1172814,CHEMBL1955,COc1ccc(NC(=O)Nc2ccc3c(c2)NC(=O)/C3=C\c2ccc[nH]2)cc1OC,92.0
CHEMBL514499,CHEMBL1955,COc1cc2ncn(-c3cc(OCc4ccccc4C(F)(F)F)c(C(N)=O)s3)c2cc1OC,92.0
CHEMBL3892144,CHEMBL1955,C[C@H](C(N)=O)c1ccccc1CCc1nc(Nc2cnn(C3CCNCC3)c2)ncc1C(F)(F)F,93.0
CHEMBL1940105,CHEMBL1955,COc1cc2ncnc(Nc3cnn(CC(=O)Nc4ccc(N(C)C)cc4)c3)c2cc1OC,101.0
CHEMBL4107713,CHEMBL1955,CC[C@@H](C(N)=O)c1ccccc1CCc1nc(Nc2ccc(C3CCNCC3)cc2)ncc1C(F)(F)F,103.0
CHEMBL4212117,CHEMBL1955,Cc1c2ccc(N(C)c3ccnc(Nc4ccc(C(=O)NCCCCCCC(=O)NO)cc4)n3)cc2nn1C,113.0
CHEMBL4099337,CHEMBL1955,COc1cc(O)c2c(c1)CCC[C@H](O)[C@H](O)C(=O)CCC[C@H](C)OC2=O,114.5
CHEMBL3968164,CHEMBL1955,COc1ccc(Nc2ncc(C(F)(F)F)c(CCc3ccccc3C(C)C(N)=O)n2)cn1,118.0
CHEMBL505896,CHEMBL1955,COc1cc2c(Oc3ccc(-c4cnc(Cc5ccccc5)n(C)c4=O)cc3F)ccnc2cc1OCCCN1CCOCC1,120.0
CHEMBL595143,CHEMBL1955,COc1cc2c(Oc3ccc(-c4nc5ccccc5s4)cc3)ncnc2cc1OCCCN1CCN(C)CC1,121.0
CHEMBL234655,CHEMBL1955,O=C(NCCCN1CCCC1=O)c1cnccc1Nc1nc(-c2cc(Br)ccc2F)nc2nccnc12,123.0
CHEMBL406381,CHEMBL1955,CCCNC(=O)Nc1ccc(Oc2ncnc3cc(OC)c(OC)cc23)cc1Cl,125.0
CHEMBL1940267,CHEMBL1955,COc1cccc(COc2ccc(Oc3ncnc4cc(OC)c(OC)cc34)cc2)c1,128.0
CHEMBL595373,CHEMBL1955,COc1cc2c(Oc3ccc(-c4nc5ccccc5s4)cc3)ncnc2cc1OCCCN1CCCC1,140.0
CHEMBL4101411,CHEMBL1955,CC(C)(C)c1cc(NC(=O)Nc2ccc(-n3nc(-c4ccc(OCCN5CCOCC5)cc4)c4c(N)ncnc43)cc2)no1,141.0
CHEMBL1172815,CHEMBL1955,Cc1ccc(NC(=O)Nc2ccc3c(c2)NC(=O)/C3=C\c2ccc[nH]2)cc1,146.8
CHEMBL488840,CHEMBL1955,Cc1cccc(C)c1/C=C/n1cnc2c(Nc3ccc(P(C)(C)=O)cc3)ncnc21,151.0
CHEMBL3976872,CHEMBL1955,CC(C(N)=O)c1ccccc1CCc1nc(Nc2ccnnc2)ncc1Cl,154.0
CHEMBL3981693,CHEMBL1955,CC(C(N)=O)c1ccccc1CCc1nc(Nc2cncnc2)ncc1Cl,160.0
CHEMBL402548,CHEMBL1955,CO[C@@H](C(=O)N1Cc2n[nH]c(NC(=O)c3ccc(N4CCN(C)CC4)cc3)c2C1)c1ccccc1,161.0
CHEMBL212084,CHEMBL1955,c1cn(Cc2ccc3c(c2)-c2[nH]nc(-c4ccsc4)c2C3)cn1,169.0
CHEMBL1940269,CHEMBL1955,CCn1ccc(NC(=O)Cc2ccc(Oc3ncnc4cc(OC)c(OC)cc34)cc2)n1,172.0
CHEMBL1940260,CHEMBL1955,COc1cccc(NC(=O)Cc2ccc(Nc3ncnc4cc(OC)c(OC)cc34)cc2)c1,175.0
CHEMBL1940262,CHEMBL1955,COc1cccc(NC(=O)NCc2ccc(Oc3ncnc4cc(OC)c(OC)cc34)cc2)c1,177.0
CHEMBL4279457,CHEMBL1955,COc1cc2c(Oc3ccc(NC(=O)c4cc5cccnc5n(-c5ccc(F)cc5)c4=O)cc3F)ccnc2cc1OCCCN1CCN(C)CC1,183.1
CHEMBL604483,CHEMBL1955,COc1cc2c(Oc3ccc(-c4nc5ccccc5s4)cc3F)ncnc2cc1OCCCN1CCN(C)CC1,190.0
CHEMBL4515912,CHEMBL1955,COc1cc(O)c2c(c1)-c1cccc(c1)[C@H](O)[C@@H](O)C(=O)CCC[C@H](C)OC2=O,190.0
CHEMBL75232,CHEMBL1955,Clc1ccc(Nc2nnc(Cc3ccncc3)c3ccccc23)cc1.O=C(O)CCC(=O)O,195.0
CHEMBL101253,CHEMBL1955,Clc1ccc(Nc2nnc(Cc3ccncc3)c3ccccc23)cc1,195.0
CHEMBL3689081,CHEMBL1955,CN1CCC(c2ccc(Nc3ncc(C(F)(F)F)c(CCc4ccccc4CC(N)=O)n3)c(F)c2)CC1,205.0
CHEMBL1940266,CHEMBL1955,COc1cccc(CC(=O)Nc2ccc(Oc3ncnc4cc(OC)c(OC)cc34)cc2)c1,209.0
CHEMBL593987,CHEMBL1955,COc1cc2c(Nc3ccc(-c4nc5ccccc5s4)c(F)c3)ncnc2cc1OCCCN1CCN(C)CC1,210.0
CHEMBL3916024,CHEMBL1955,NC(=O)C1(c2cccc(CCc3nc(Nc4cnn(C5CCNCC5)c4)ncc3C(F)(F)F)c2)CC1,228.0
CHEMBL24828,CHEMBL1955,COc1cc2c(Nc3ccc(Br)cc3F)ncnc2cc1OCC1CCN(C)CC1,233.0
CHEMBL3689080,CHEMBL1955,Cc1cc(C2CCN(C)CC2)ccc1Nc1ncc(C(F)(F)F)c(CCc2ccccc2CC(N)=O)n1,240.0
CHEMBL3644864,CHEMBL1955,CNC(=O)c1c(N)n(CCOC)c2nc(C#CC(C)(O)COC)ccc2c1=O,257.0
CHEMBL3912708,CHEMBL1955,Cn1ccc(Nc2ncc(Cl)c(CCc3ccccc3C3(C(N)=O)CC3)n2)n1,268.0
CHEMBL103667,CHEMBL1955,Cc1ccc(-n2nc(C(C)(C)C)cc2NC(=O)Nc2ccc(OCCN3CCOCC3)c3ccccc23)cc1,270.0
CHEMBL3301607,CHEMBL1955,O=C(Nc1nc2cccc(-c3ccc(CN4CCS(=O)(=O)CC4)cc3)n2n1)C1CC1,274.0
CHEMBL3689069,CHEMBL1955,COc1cc(N2CCNCC2)ccc1Nc1ncc(C(F)(F)F)c(CCc2ccccc2CC(N)=O)n1,275.0
CHEMBL1940114,CHEMBL1955,COc1cccc(NC(=O)Cn2cc(Oc3ccnc4cc(OC)c(C#N)cc34)cn2)c1,282.0
CHEMBL595406,CHEMBL1955,COc1cc2c(Nc3ccc(-c4nc5ccccc5s4)cc3C)ncnc2cc1OCCCN1CCN(C)CC1,340.0
CHEMBL594228,CHEMBL1955,COc1cc2c(Nc3ccc(-c4nc5ccccc5s4)cc3F)ncnc2cc1OCCCN1CCN(C)CC1,350.0
CHEMBL1923983,CHEMBL1955,CNc1nc2[nH]c(-c3cccc(CNC(=O)COC)n3)cc2c2c1ncn2C,360.0
CHEMBL4103605,CHEMBL1955,Cc1cccc(NC(=O)Nc2ccc(-c3ccnc4[nH]nc(C)c34)cc2)c1,376.0
CHEMBL4068509,CHEMBL1955,C=CC(=O)N1CCN(CCCn2c(=O)c(-c3c(Cl)c(OC)cc(OC)c3Cl)cc3cnc(NC)nc32)CC1,410.0
CHEMBL2380845,CHEMBL1955,O=C(Nc1ccc(Nc2ccnc3[nH]c(=O)c4ccccc4c23)cc1)c1ccccc1,417.0
CHEMBL3628799,CHEMBL1955,O=C(Nc1ccc(Nc2ncnc3sc4c(c23)CCCC4)cc1)Nc1cccc(Br)c1,420.0
CHEMBL3907057,CHEMBL1955,Cc1cc(C)c(-n2ccn3nc(-c4cccnc4)cc23)cc1NC(=O)c1cc(C#N)cc(S(F)(F)(F)(F)F)c1,440.0
CHEMBL1940106,CHEMBL1955,COc1cc2ncnc(Nc3cnn(CC(=O)Nc4ccc(N(C)C)cn4)c3)c2cc1OC,453.0
CHEMBL593274,CHEMBL1955,COc1cc2c(Nc3ccc(-c4nc5ccccc5s4)c(Cl)c3)ncnc2cc1OCCCN1CCN(C)CC1,470.0
CHEMBL1940275,CHEMBL1955,COc1cc2ncnc(Nc3ccc(CC(=O)Nc4cnn(C(C)C)c4)cc3)c2cc1OC,485.0
CHEMBL3918715,CHEMBL1955,CN(c1ccc(C2CCNCC2)nc1)c1ncc(C(F)(F)F)c(CCc2ccccc2C(N)C(N)=O)n1,492.0
CHEMBL606466,CHEMBL1955,COc1cc2c(Nc3ccc(-c4nc5ccccc5s4)c(O)c3)ncnc2cc1OCCCN1CCN(C)CC1,520.0
CHEMBL3689071,CHEMBL1955,COc1cc(C2CCN(C)CC2)ccc1Nc1ncc(C(F)(F)F)c(CCc2ccccc2CC(N)=O)n1,538.0
CHEMBL2208034,CHEMBL1955,O=C(Nc1ccc(-c2ccnc(Nc3ccc(N4CCOCC4)cc3)n2)cc1)[C@H]1CCCN1,554.5
CHEMBL1094408,CHEMBL1955,COc1ccc(N2CCN(C)CC2)cc1Nc1ncc2c(n1)-c1c(c(C(N)=O)nn1C)CC2,587.0
CHEMBL4584949,CHEMBL1955,Cn1cc(-c2ccc(F)cc2)c(=O)c2c(Nc3ccc(Oc4ccnc(NC(=O)C5CC5)c4)c(F)c3)nccc21,591.0
CHEMBL3799275,CHEMBL1955,CN1CCN(c2ccc(-c3cnc4ccccc4c3)cc2NC(=O)c2c[nH]c(=O)cc2C(F)(F)F)CC1,600.0
CHEMBL3586404,CHEMBL1955,CO[C@H]1CC[C@H](N2C(=O)CNc3ncc(-c4ccc(C(C)(C)O)nc4)nc32)CC1,651.0
CHEMBL1940271,CHEMBL1955,COc1cc2ncnc(Oc3ccc(CC(=O)Nc4cnn(C)c4)cc3)c2cc1OC,667.0
CHEMBL21156,CHEMBL1955,CC(C)(C)c1nc2c3ccc(F)cc3c3c(=O)[nH]ccc3c2[nH]1,690.0
CHEMBL1668419,CHEMBL1955,COc1cc(O)c2c(c1)CCCCCC(=O)/C=C/C[C@H](C)OC2=O,720.0
CHEMBL604992,CHEMBL1955,COc1cc2c(Nc3ccc(-c4nc5ccc(F)cc5s4)cc3)ncnc2cc1OCCCN1CCN(C)CC1,865.0
CHEMBL2380834,CHEMBL1955,O=C(Nc1ccc(Nc2ccnc3[nH]c(=O)c4ccccc4c23)cc1)c1ccc(F)cc1C(F)(F)F,867.0
CHEMBL564829,CHEMBL1955,CNC(=O)c1nn(C)c2c1C(C)(C)Cc1cnc(Nc3ccc(N4CCN(C)CC4)cc3)nc1-2,920.0
CHEMBL1164957,CHEMBL1955,Cc1cccc(-c2[nH]c(Cc3cccc(C(N)=O)c3)nc2-c2ccc3ncccc3c2)n1,940.0
CHEMBL1094196,CHEMBL1955,COc1ccc(-c2ccc(Cn3cc(CCN)c4cc(OCCc5ccc(O)cc5)ccc43)cc2)cc1.Cl,960.0
CHEMBL1172410,CHEMBL1955,COc1ccc(NC(=O)Nc2ccc3c(c2)NC(=O)/C3=C\c2[nH]ccc2-c2ccc(C(=O)O)s2)cc1,1000.0
CHEMBL1173244,CHEMBL1955,COc1ccc(NC(=O)Nc2ccc3c(c2)NC(=O)/C3=C\c2ccc(C(=O)O)[nH]2)cc1,1000.0
CHEMBL1173243,CHEMBL1955,Cc1cc(C(=O)O)[nH]c1/C=C1\C(=O)Nc2cc(NC(=O)Nc3ccc(Cl)cc3)ccc21,1000.0
CHEMBL260138,CHEMBL1955,N#CCCc1ccc2c(c1)-c1[nH]c3ccc([N+](=O)[O-])cc3c1CC(=O)N2,1000.0
CHEMBL1173542,CHEMBL1955,Cc1cc(C(=O)O)[nH]c1/C=C1\C(=O)Nc2cc(NC(=O)Nc3ccccc3)ccc21,1000.0
CHEMBL460746,CHEMBL1955,O=C(NC(=S)Nc1ccc(O)c(-c2nc3ccccc3s2)c1)c1ccc([N+](=O)[O-])cc1,1000.0
CHEMBL4088216,CHEMBL1955,CN1C(=O)[C@@H](N2CCc3cn(Cc4ccccc4)nc3C2=O)COc2ccccc21,1000.0
CHEMBL4245507,CHEMBL1955,O=C(Cc1cccc(OCCCN2CCNCC2)c1)Nc1nc(-c2ccncc2)cs1,1000.0
CHEMBL4097778,CHEMBL1955,CN1C(=O)[C@@H](N2CCc3cn(CC4CCS(=O)(=O)CC4)nc3C2=O)COc2ccccc21,1000.0
CHEMBL4549667,CHEMBL1955,CN1C(=O)[C@@H](N2CCc3c(nn(Cc4ccccc4)c3Br)C2=O)COc2ccccc21,1000.0
CHEMBL1983268,CHEMBL1955,CN1CCN(c2ccc(C(=O)Nc3n[nH]c4ccc(Cc5cc(F)cc(F)c5)cc34)c(NC3CCOCC3)c2)CC1,1000.0
CHEMBL1940261,CHEMBL1955,COc1cccc(NC(=O)Cc2cccc(Oc3ncnc4cc(OC)c(OC)cc34)c2)c1,1009.0
CHEMBL3689077,CHEMBL1955,CCc1cc(C2CCN(C)CC2)ccc1Nc1ncc(C(F)(F)F)c(CCc2ccccc2CC(N)=O)n1,1010.0
CHEMBL3628811,CHEMBL1955,O=C(Nc1ccc(Oc2ncnc3sc4c(c23)CCCC4)cc1)Nc1cccc(Br)c1,1020.0
CHEMBL1681932,CHEMBL1955,CCNC(=O)Nc1ccc(Oc2ncnc(N)c2/C=N/OC)cc1Cl,1100.0
CHEMBL3689076,CHEMBL1955,CCc1cc(C2CCNCC2)ccc1Nc1ncc(C(F)(F)F)c(CCc2ccccc2CC(N)=O)n1,1176.0
CHEMBL3623375,CHEMBL1955,CN(C)CCCNC(=O)c1csc2nc(-c3ccc(NC(=O)Nc4cc(C(C)(C)C)on4)cc3)cn12,1188.0
CHEMBL1651523,CHEMBL1955,COc1cc(O)c2c(c1)CCCCCC(=O)/C=C\C[C@H](C)OC2=O,1200.0
CHEMBL596292,CHEMBL1955,COc1cc2c(Nc3ccc(-c4nc5cc(Cl)ccc5s4)cc3)ncnc2cc1OCCCN1CCN(C)CC1,1300.0
CHEMBL3903244,CHEMBL1955,NC(=O)C1(c2ccccc2CCc2nc(Nc3ncco3)ncc2Cl)CC1,1302.0
CHEMBL1094835,CHEMBL1955,COc1ccc(CCOc2ccc3c(c2)c(CCN)cn3CCCCCc2ccc(SC)cc2)cc1.Cl,1310.0
CHEMBL1668418,CHEMBL1955,COc1cc(O)c2c(c1)/C=C/CCCC(=O)/C=C/C[C@H](C)OC2=O,1400.0
CHEMBL596087,CHEMBL1955,COc1cc2c(Nc3ccc(-c4nc5ccccc5s4)c(C)c3)ncnc2cc1OCCCN1CCN(C)CC1,1500.0
CHEMBL6246,CHEMBL1955,O=c1oc2c(O)c(O)cc3c(=O)oc4c(O)c(O)cc1c4c23,1540.0
CHEMBL213743,CHEMBL1955,CN1CCN(Cc2ccc3c(c2)-c2[nH]nc(-c4ccsc4)c2C3)CC1,1573.0
CHEMBL522785,CHEMBL1955,COc1cc2nc(Nc3cc(C)[nH]n3)nc(Nc3cccc(-c4nc5ccccc5s4)c3)c2cc1OC,1600.0
CHEMBL1668420,CHEMBL1955,COc1cc(O)c2c(c1)/C=C\CCCC(=O)/C=C/C[C@H](C)OC2=O,1600.0
CHEMBL2333163,CHEMBL1955,O=C(NCCc1ccc(O)c(Br)c1)/C(Cc1cc(Br)c(O)c(Oc2ccc(CCNC(=O)/C(Cc3cc(Br)c(O)c(-c4cc(C/C(=N\O)C(=O)NCCc5ccc(O)c(Br)c5)cc(Br)c4O)c3)=N/O)cc2Br)c1)=N/O,1600.0
CHEMBL3216254,CHEMBL1955,CN(C)c1ccc(CCCCCn2c3c(c4cc(OCCc5ccc(O)cc5)ccc42)CC(N)CC3)cc1.Cl.Cl,1660.0
CHEMBL593221,CHEMBL1955,COc1cc(-c2nc3ccccc3s2)ccc1Nc1ncnc2cc(OCCCN3CCN(C)CC3)c(OC)cc12,1700.0
CHEMBL453336,CHEMBL1955,COc1cc(C2=C(c3cn(COCc4ccccc4)c4ccccc34)CNC2=O)cc(OC)c1OC,1700.0
CHEMBL1094492,CHEMBL1955,COc1ccc(CCCCCn2c3c(c4cc(OCCc5ccc(O)cc5)ccc42)CC(N)CC3)cc1.Cl,1810.0
CHEMBL593306,CHEMBL1955,COc1ccc2nc(-c3ccc(Nc4ncnc5cc(OCCCN6CCN(C)CC6)c(OC)cc45)cc3)sc2c1,1900.0
CHEMBL3628798,CHEMBL1955,O=C(Nc1ccc(Nc2ncnc3sccc23)cc1)Nc1cccc(Br)c1,1980.0
CHEMBL1098121,CHEMBL1955,COc1ccc(CCCCCn2cc(CCN)c3cc(OCCc4ccc(O)cc4)ccc32)cc1.Cl,2050.0
CHEMBL1834657,CHEMBL1955,CCN1CCN(c2ccc(Nc3cc(N(C)C(=O)Nc4c(Cl)c(OC)cc(OC)c4Cl)ncn3)cc2)CC1.O=P(O)(O)O,2072.0
CHEMBL518803,CHEMBL1955,c1ccc2sc(-c3ccc(Nc4ncnc5[nH]ccc45)cc3)nc2c1,2100.0
CHEMBL1098120,CHEMBL1955,Cl.NC1CCc2c(c3cc(OCCc4ccc(O)cc4)ccc3n2CCCCCc2ccccc2)C1,2110.0
CHEMBL3216699,CHEMBL1955,Cl.Cl.NC1CCc2c(c3cc(OCCc4ccc(O)cc4)ccc3n2CCCCCc2ccccn2)C1,2220.0
CHEMBL1094825,CHEMBL1955,Cl.NC1CCc2c(c3cc(OCCc4ccc(O)cc4)ccc3n2CCCCCc2ccc(C(F)(F)F)cc2)C1,2270.0
CHEMBL301018,CHEMBL1955,COc1cc2ncnc(Nc3ccc(F)c(Cl)c3)c2cc1OC,2400.0
CHEMBL460990,CHEMBL1955,CC(C)Oc1ccc2c(c1)CCc1c-2c2c(c3c4ccccc4n(CCO)c13)CNC2=O,2459.0
CHEMBL453593,CHEMBL1955,COc1cc(C2=C(c3cn(CC(O)CO)c4ccccc34)CNC2=O)cc(OC)c1OC,2500.0
CHEMBL488811,CHEMBL1955,COc1cc(C2=C(c3cn(COc4ccccc4)c4ccccc34)CNC2=O)cc(OC)c1OC,2500.0
CHEMBL491686,CHEMBL1955,Cc1cc(Nc2ccnc(Nc3cccc(-c4nc5ccccc5s4)c3)n2)n[nH]1,2500.0
CHEMBL1094194,CHEMBL1955,CSc1ccc(CCCCCn2cc(CCN)c3cc(OCCc4ccc(O)cc4)ccc32)cc1.Cl,2530.0
CHEMBL1095957,CHEMBL1955,Cl.NCCc1c[nH]c2ccc(OCCc3ccc(O)cc3)cc12,2640.0
CHEMBL1098119,CHEMBL1955,Cl.NCCc1cn(CCCCCc2ccccc2)c2ccc(OCCc3ccc(O)cc3)cc12,2680.0
CHEMBL571040,CHEMBL1955,C=CC(=O)N1CCC[C@H]1C(=O)Nc1cc2c(Nc3cccc(Cl)c3F)ncnc2cc1OCCOC,2700.0
CHEMBL505637,CHEMBL1955,O=C(NCCc1ccc(O)c(Br)c1)/C(Cc1cc(Br)c(O)c(-c2cc(C/C(=N/O)C(=O)NCCc3ccc(O)c(Br)c3)cc(Br)c2O)c1)=N\O,2800.0
CHEMBL1097189,CHEMBL1955,Cl.NC1CCc2c(c3cc(OCCc4ccc(O)cc4)ccc3n2CCCc2ccccc2)C1,2850.0
CHEMBL1094195,CHEMBL1955,Cl.NCCc1cn(Cc2ccc(-c3cccc(C(F)(F)F)c3)cc2)c2ccc(OCCc3ccc(O)cc3)cc12,2980.0
CHEMBL327725,CHEMBL1955,CC(O)C(/N=C1/C=C(O)/C(=N\C(C(=O)O)C(C)O)C=C1O)C(=O)O,3000.0
CHEMBL593909,CHEMBL1955,COc1cc2c(Nc3ccc(-c4nc5ccc(Cl)cc5s4)cc3F)ncnc2cc1OCCCN1CCN(C)CC1,3000.0
CHEMBL1940265,CHEMBL1955,COc1cccc(CNC(=O)c2ccc(Oc3ncnc4cc(OC)c(OC)cc34)cc2)c1,3063.0
CHEMBL519590,CHEMBL1955,COCn1cc(C2=C(c3cc(OC)c(OC)c(OC)c3)C(=O)NC2)c2ccccc21,3200.0
CHEMBL360190,CHEMBL1955,O=C1N/C=C/c2ccc(c(Br)c2)Oc2cc(cc(Br)c2O)CCNC(=O)/C(=N/O)Cc2ccc(c(Br)c2)Oc2cc(cc(Br)c2O)C/C1=N\O,3200.0
CHEMBL509635,CHEMBL1955,COc1cc(C2=C(c3cn(CC4COC(C)(C)O4)c4ccccc34)CNC2=O)cc(OC)c1OC,3200.0
CHEMBL475352,CHEMBL1955,COc1cc(Nc2ncnc3[nH]cnc23)ccc1-c1nc2ccccc2s1,3400.0
CHEMBL505253,CHEMBL1955,COc1cc(C2=C(c3c[nH]c4ccccc34)C(O)NC2=O)cc(OC)c1OC,3400.0
CHEMBL529217,CHEMBL1955,CCOCn1cc(C2=C(c3cc(OC)c(OC)c(OC)c3)C(=O)NC2)c2ccccc21,3600.0
CHEMBL3689070,CHEMBL1955,COc1cc(C2CCNCC2)ccc1Nc1ncc(C(F)(F)F)c(CCc2ccccc2CC(N)=O)n1,3685.0
CHEMBL2046883,CHEMBL1955,Cc1ccc(NC(=O)Nc2nnc(Sc3ncnc4cc(OCCCN5CCOCC5)ccc34)s2)cc1,3700.0
CHEMBL524266,CHEMBL1955,Nc1nccc(-c2cc3c([nH]2)[C@@H](CCF)CNC3=O)n1,4000.0
CHEMBL1095154,CHEMBL1955,Cl.NCCc1cn(Cc2ccc(-c3ccccc3)cc2)c2ccc(OCCc3ccc(O)cc3)cc12,4070.0
CHEMBL4465918,CHEMBL1955,O=C(CCCC(=O)N1C[C@@H](CCl)c2c1cc(O)c1ccccc21)N1C[C@@H](CCl)c2c1cc(O)c1ccccc21,4200.0
CHEMBL569880,CHEMBL1955,C=CC(=O)N1CCC[C@H]1C(=O)Nc1cc2c(Nc3ccc(F)c(Cl)c3F)ncnc2cc1OCCOC,4500.0
CHEMBL595142,CHEMBL1955,COc1cc2c(Nc3ccc(-c4nc5ccccc5s4)cc3O)ncnc2cc1OCCCN1CCN(C)CC1,4500.0
CHEMBL565612,CHEMBL1955,CN1CCN(c2nc(C3=C(c4c[nH]c5ccccc45)C(=O)NC3=O)c3ccccc3n2)CC1,4600.0
CHEMBL489083,CHEMBL1955,N=C(N)SCCCn1c(=O)c2n3ccc4cccc(c43)c3cc4ccccc4n3c=2c1=O,4700.0
CHEMBL488646,CHEMBL1955,COc1cc(C2=C(c3cn(COC(C)(C)C)c4ccccc34)CNC2=O)cc(OC)c1OC,4800.0
CHEMBL576982,CHEMBL1955,CC(C)(C)c1cc(NC(=O)Nc2ccc(-c3cn4c(n3)sc3cc(OCCN5CCOCC5)ccc34)cc2)no1,4900.0
CHEMBL3358966,CHEMBL1955,COc1cc(-c2nc(-c3c[nH]c4ccccc34)c[nH]c2=O)cc(OC)c1OC,5000.0
CHEMBL3361128,CHEMBL1955,O=C1/C(=C\c2ccc(O)c(O)c2)Oc2ccccc21,5190.0
CHEMBL459886,CHEMBL1955,CN1CCN(c2ccnc(Nc3ccc(-c4nc5ccccc5s4)cc3)n2)CC1,5200.0
CHEMBL488645,CHEMBL1955,COc1cc(C2=C(c3cn(COC(C)C)c4ccccc34)CNC2=O)cc(OC)c1OC,5300.0
CHEMBL4572320,CHEMBL1955,COc1cc(O)c2c(c1)-c1cccc(c1)[C@H](O)[C@H](O)C(=O)CCC[C@H](C)OC2=O,5300.0
CHEMBL1668414,CHEMBL1955,COc1cc(O)c2c(c1)/C=C/CCCC(=O)C[C@H](Br)C[C@H](C)OC2=O,5500.0
CHEMBL486437,CHEMBL1955,COc1cc(C2=C(c3cn(COCC[Si](C)(C)C)c4ccccc34)CNC2=O)cc(OC)c1OC,5600.0
CHEMBL3689073,CHEMBL1955,COc1cc(C2CCNCC2)ccc1Nc1ncc(C(F)(F)F)c(CCc2cccc(C(N)=O)c2)n1,5750.0
CHEMBL590109,CHEMBL1955,NCCn1cc(-c2cc(-c3cc4ccccc4s3)c3[nH]ncc3c2)c2nc(N)ncc21,5800.0
CHEMBL1668415,CHEMBL1955,COc1cc(O)c2c(c1)CCCCCC(=O)C[C@H](Br)C[C@H](C)OC2=O,5800.0
CHEMBL464014,CHEMBL1955,CNc1cc(Nc2ccc(-c3nc4ccccc4s3)cc2)ccn1,6000.0
CHEMBL1940264,CHEMBL1955,COc1cccc(C(=O)NCc2ccc(Oc3ncnc4cc(OC)c(OC)cc34)cc2)c1,6144.0
CHEMBL461991,CHEMBL1955,Cc1cc(Nc2cc(Nc3ccc(-c4nc5ccccc5s4)cc3)ccn2)n[nH]1,6500.0
CHEMBL512933,CHEMBL1955,CNc1nccc(Nc2ccc(-c3nc4ccccc4s3)cc2)n1,6900.0
CHEMBL593860,CHEMBL1955,COc1cc2c(Nc3ccc(-c4nc5ccccc5s4)c(OC)c3)ncnc2cc1OCCCN1CCN(C)CC1,7100.0
CHEMBL475351,CHEMBL1955,COc1nc(Nc2ccc(-c3nc4ccccc4s3)c(OC)c2)c2cc[nH]c2n1,7700.0
CHEMBL452812,CHEMBL1955,COc1ccc(C2=C(c3c[nH]c4ccccc34)C(=O)NC2)cc1,8700.0
CHEMBL593275,CHEMBL1955,COc1cc2c(Nc3ccc(-c4nc5ccc(Cl)cc5s4)cc3)ncnc2cc1OCCCN1CCN(C)CC1,9300.0
CHEMBL521201,CHEMBL1955,COc1cc(C2=C(c3c[nH]c4ccccc34)C(=O)NC2)cc(OC)c1OC,9400.0
CHEMBL487254,CHEMBL1955,N=C(Nc1ccccc1)SCCCN1C(=O)C2=C(C1=O)n1ccc3cccc(c31)C1Cc3ccccc3N21,9600.0
CHEMBL4520759,CHEMBL1955,COc1cc(O)c2c(c1)-c1cccc(c1)[C@@H](O)[C@H](O)[C@H](O)/C=C\C[C@H](C)OC2=O,10000.0
CHEMBL474346,CHEMBL1955,Clc1cc(Nc2ncnc3ccsc23)ccc1-c1nc2ccccc2s1,10000.0
CHEMBL462162,CHEMBL1955,COc1cc(Nc2ncnc3[nH]ccc23)ccc1-c1nc2ccccc2s1,10000.0
CHEMBL462338,CHEMBL1955,COc1nc(Nc2ccc(-c3nc4ccccc4s3)cc2)c2cc[nH]c2n1,10000.0
CHEMBL472946,CHEMBL1955,c1ccc2sc(-c3ccc(Nc4ncnc5ccsc45)cc3)nc2c1,10000.0
CHEMBL4471009,CHEMBL1955,COc1cc(O)c2c(c1)-c1cccc(c1)[C@@H](O)[C@H](O)[C@@H](N)/C=C\C[C@H](C)OC2=O,10000.0
CHEMBL514929,CHEMBL1955,COc1cc(Nc2ncnc3ccsc23)ccc1-c1nc2ccccc2s1,10000.0
CHEMBL398877,CHEMBL1955,CC(C)(C)c1ccc(-n2ncc3c2-c2ccccc2NC(=O)C3)cc1,10000.0
CHEMBL4517550,CHEMBL1955,COc1cc(O)c2c(c1)-c1cccc(c1)[C@@H](O)[C@H](O)C(=O)CCC[C@H](C)OC2=O,10000.0
CHEMBL461110,CHEMBL1955,COc1cc(Nc2nccc(Nc3cc(C)[nH]n3)n2)ccc1-c1nc2ccccc2s1,10000.0
CHEMBL462160,CHEMBL1955,CNc1ccnc(Nc2ccc(-c3nc4ccccc4s3)cc2)n1,10000.0
CHEMBL4438318,CHEMBL1955,C=C1/C=C\C[C@H](C)OC(=O)c2c(O)cc(OC)cc2-c2cccc(c2)[C@@H](O)[C@@H]1O,10000.0
CHEMBL4473548,CHEMBL1955,C[C@@H]1CN(C(=O)CCCC(=O)N2C[C@@H](C)c3c2cc(O)c2ccccc32)c2cc(O)c3ccccc3c21,10000.0
CHEMBL464210,CHEMBL1955,CNC(=O)c1cc(Nc2ccc(-c3nc4ccccc4s3)cc2)ccn1,10000.0
CHEMBL217092,CHEMBL1955,CN1CCN(CCOc2cc(OC3CCOCC3)c3c(Nc4c(Cl)ccc5c4OCO5)ncnc3c2)CC1,10000.0
CHEMBL4475216,CHEMBL1955,COC[C@@H](C)Nc1cc(NC(=O)N2CCCc3cc(CN4CCCCOC4=O)c(C=O)nc32)ncc1C#N,10000.0
CHEMBL217090,CHEMBL1955,Clc1ccc2c(c1Nc1ncnc3cc(OCCCN4CCCC4)cc(OC4CCOCC4)c13)OCO2,10000.0
CHEMBL490555,CHEMBL1955,c1cc(Nc2ncnc3[nH]ccc23)cc(-c2nc3ccccc3s2)c1,10000.0
CHEMBL115220,CHEMBL1955,O=C(Cc1ccc2ccccc2c1)Nc1cc(C2CC2)n[nH]1,10000.0
CHEMBL474347,CHEMBL1955,Fc1cc(-c2nc3ccccc3s2)ccc1Nc1ncnc2ccsc12,10000.0
CHEMBL1230607,CHEMBL1955,CC(C)CC(=O)Nc1n[nH]c2c1CN(C(=O)C1CCN(C)CC1)C2(C)C,10000.0
CHEMBL460989,CHEMBL1955,COc1ccc2c(c1)CCc1c-2c2c(c3c4ccccc4n(CCO)c13)CNC2=O,10000.0
CHEMBL3745885,CHEMBL1955,Cn1c(=O)c(S(=O)(=O)c2ccc(F)cc2F)cc2cnc(Nc3ccc4[nH]ccc4c3)nc21,10000.0
CHEMBL3741589,CHEMBL1955,O=C(O)C1CN(Cc2ccc(OCc3ccc(Cl)c(Cl)c3)cc2)C1,10000.0
CHEMBL3310151,CHEMBL1955,CN1CCN(c2cc(F)c3c(c2)nc(Cc2ccc4c(c2)OCO4)n2nc(N)nc32)CC1,10000.0
CHEMBL3309998,CHEMBL1955,Nc1nc2c3ccc(NCCO)cc3nc(Cc3ccc4c(c3)OCO4)n2n1,10000.0
CHEMBL3309997,CHEMBL1955,OCCCNc1ccc2c(c1)nc(-c1ccc3c(c1)OCO3)n1ncnc21,10000.0
CHEMBL3309995,CHEMBL1955,Nc1ccc2c(c1)nc(Cc1ccc3c(c1)OCO3)n1nc(N)nc21,10000.0
CHEMBL3309990,CHEMBL1955,Nc1nc2c3c(F)cccc3nc(Cc3ccc4c(c3)OCO4)n2n1,10000.0
CHEMBL3297762,CHEMBL1955,CN1CCN(C[C@@H](NC(=O)C[C@H]2CNC(=O)c3cc(-c4cccc(Cl)c4)cn32)C2CCCCC2)CC1,10000.0
CHEMBL3298400,CHEMBL1955,CC(C)(C)CNC(=O)CC1CNC(=O)c2cc(-c3ccsc3)cn21,10000.0
CHEMBL1940270,CHEMBL1955,COc1cc2ncnc(Oc3ccc(CC(=O)Nc4cn[nH]c4)cc3)c2cc1OC,10000.0
CHEMBL1940263,CHEMBL1955,COc1cccc(S(=O)(=O)NCc2ccc(Oc3ncnc4cc(OC)c(OC)cc34)cc2)c1,10000.0
CHEMBL1940117,CHEMBL1955,CCn1cc(NC(=O)Cc2cc(Oc3ccnc4cc(OC)c(OC)cc34)n[nH]2)cn1,10000.0
CHEMBL1933582,CHEMBL1955,CN1CCN(c2ccc(OC(F)(F)F)c(Nc3nccc(-c4cc5c(n4C)CCNC5=O)n3)c2)CC1,10000.0
CHEMBL1738758,CHEMBL1955,CN1CCN(c2ccc(OC(F)(F)F)c(Nc3ncc4c(n3)-c3c(c(C(N)=O)nn3CCO)CC4)c2)CC1,10000.0
CHEMBL1270230,CHEMBL1955,NC(=O)c1cc(-c2ccnc(N)n2)[nH]c1-c1ccccc1,10000.0
CHEMBL1933576,CHEMBL1955,CN1CCN(c2ccc(OC(F)(F)F)c(Nc3nccc(-c4cc(C(N)=O)cn4C)n3)c2)CC1,10000.0
CHEMBL599428,CHEMBL1955,Cn1nc(C(N)=O)c2c1-c1nc(NC3CCN(C(=O)c4ccccc4)CC3)ncc1CC2,10000.0
CHEMBL593245,CHEMBL1955,COc1cc2c(Nc3ccc(-c4nc5ccccc5s4)cc3OC(F)(F)F)ncnc2cc1OCCCN1CCN(C)CC1,10000.0
CHEMBL593908,CHEMBL1955,COc1cc2c(Nc3ccc(-c4nc5cc(C(F)(F)F)ccc5s4)cc3)ncnc2cc1OCCCN1CCN(C)CC1,10000.0
CHEMBL593770,CHEMBL1955,COc1cc2c(N(C)c3ccc(-c4nc5ccccc5s4)c(OC)c3)ncnc2cc1OCCCN1CCN(C)CC1,10000.0
CHEMBL599224,CHEMBL1955,CC(=O)N1CCC(Nc2ncc3c(n2)-c2c(c(C(N)=O)nn2C)CC3)CC1,10000.0
CHEMBL225519,CHEMBL1955,O=C1NCCc2[nH]c(-c3ccncc3)cc21,10000.0
CHEMBL604712,CHEMBL1955,CC(C)(C)C(=O)N1Cc2c(NC(=O)c3cc(F)cc(F)c3)n[nH]c2C1(C)C,10000.0
CHEMBL597754,CHEMBL1955,CNC(=O)c1nn(C)c2c1CCc1cnc(NC3CCN(C(=O)C4CCN(S(C)(=O)=O)CC4)CC3)nc1-2,10000.0
CHEMBL3689074,CHEMBL1955,COc1cc(C2CCN(C)CC2)ccc1Nc1ncc(C(F)(F)F)c(CCc2cccc(C(N)=O)c2)n1,10440.0
CHEMBL509435,CHEMBL1955,COc1cc(C2=C(c3cn(C)c4ccccc34)C(=O)NC2)cc(OC)c1OC,11000.0
CHEMBL3689075,CHEMBL1955,CCN1CCC(c2ccc(Nc3ncc(C(F)(F)F)c(Cc4ccccc4C(N)=O)n3)c(OC)c2)CC1,13260.0
CHEMBL1668413,CHEMBL1955,COc1cc(O)c2c(c1)CCCCCC(=O)C[C@H](Cl)C[C@H](C)OC2=O,17000.0
CHEMBL507056,CHEMBL1955,COc1ccc(C2=C(c3cn(C)c4ccccc34)C(=O)NC2)cc1,18000.0
CHEMBL3818247,CHEMBL1955,CN1C(=O)COc2c1cnc1ccc(Sc3nnc4c(F)cc(-c5cnn(C)c5)cn34)cc21,30000.0
CHEMBL1929238,CHEMBL1955,CN(C)CCN1CCN(C(=O)c2cc(C(C)(C)C)sc2NC(=O)Nc2cccc(Cl)c2Cl)CCC1=O,30000.0
CHEMBL1097190,CHEMBL1955,Cl.NC1CCc2[nH]c3ccc(OCCc4ccc(O)cc4)cc3c2C1,34570.0
CHEMBL1957190,CHEMBL1955,CC(C)n1c2c(c3c1-c1ccccc1C3=O)C(=O)CCC2,35000.0
CHEMBL519976,CHEMBL1955,COc1ncnc2c1ncn2CC(=O)c1ccccc1,45000.0
CHEMBL535832,CHEMBL1955,Cl.NCCc1c[nH]c2ccc(O)cc12,50000.0
CHEMBL1099339,CHEMBL1955,CSc1ccc(CCCCCn2cc(CCNC(=O)OC(C)(C)C)c3cc(OCCc4ccc(O)cc4)ccc32)cc1,50000.0
CHEMBL383264,CHEMBL1955,N[C@H](COc1cncc(-c2ccc3cnccc3c2)c1)Cc1c[nH]c2ccccc12,50000.0
CHEMBL383541,CHEMBL1955,N[C@H](COc1cncc(/C=C/c2ccncc2)c1)Cc1c[nH]c2ccccc12,50000.0
CHEMBL1094369,CHEMBL1955,COCCc1ccc(O)cc1,50000.0
CHEMBL3689079,CHEMBL1955,CN1CCC(c2ccc(Nc3ncc(C(F)(F)F)c(CCc4ccccc4CC(N)=O)n3)c(OC(F)(F)F)c2)CC1,59763.0
CHEMBL1668417,CHEMBL1955,COc1cc(O)c2c(c1)/C=C\CCCC(=O)C[C@H](Br)C[C@H](C)OC2=O,65000.0
CHEMBL3689078,CHEMBL1955,NC(=O)Cc1ccccc1CCc1nc(Nc2ccc(C3CCNCC3)cc2OC(F)(F)F)ncc1C(F)(F)F,66000.0
CHEMBL1668416,CHEMBL1955,COc1cc(O)c2c(c1)/C=C\CCCC(=O)C[C@H](Cl)C[C@H](C)OC2=O,100000.0
CHEMBL4446681,CHEMBL1955,CN(CCc1ccc(-c2ccccc2)cc1)Cc1cn(C)c2ccc(C(=O)Nc3ccc(F)cc3)cc12,100000.0
CHEMBL1668412,CHEMBL1955,COc1cc(O)c2c(c1)/C=C/CCCC(=O)C[C@H](Cl)C[C@H](C)OC2=O,100000.0
